id,first_name,last_name,email,phone,title,company,website,linkedin_url,country,location,prospect_type,status,source_list,owner,sequence_name,emails_sent,opens,replies,created_at,last_activity_at,notes
1000,Pierre,Brown,pierre.brown@silverlinesolution.it,,VP Engineering,Silverline Solutions GmbH,https://silverlinesolution.it,https://www.linkedin.com/in/pierre-brown-1839,Italy,"Milan, Italy",VAR / Reseller,enriched,IC(E)looP,Karim B.,,0,0,0,2026-07-01T09:00:00.000Z,2026-07-01T09:00:00.000Z,Signal source (Sillage): Mentioned migrating away from legacy RDS gateway
1001,Christopher,Roux,christopher.roux@brightpathitab.nl,+33 536 935 248,System Administrator,Brightpath IT AB,https://brightpathitab.nl,https://www.linkedin.com/in/christopher-roux-8852,Netherlands,"Utrecht, Netherlands",MSP,replied,LinkedIn Sales Navigator,Elena V.,,3,5,1,2026-07-03T09:00:00.000Z,2026-07-07T09:00:00.000Z,Signal source (Sillage): Champion changed roles — new Head of IT onboarding | Tél: +33 536 935 248
1002,Jessica,Moreau,jessica.moreau@helvetiasystemsbv.com,+1 336 680 823,System Administrator,Helvetia Systems BV,https://helvetiasystemsbv.com,https://www.linkedin.com/in/jessica-moreau-1186,United States,"Denver, United States",MSP,contacted,Partner referral,Elena V.,Trial no-activation nurture,1,0,0,2026-03-21T09:00:00.000Z,2026-06-18T09:00:00.000Z,Signal source (Sillage): Funding round announced — likely IT tooling budget | Tél: +1 336 680 823
1003,Thomas,Kowalski,thomas.kowalski@pixelforge.it,+33 160 225 381,CTO,Pixel Forge,https://pixelforge.it,https://www.linkedin.com/in/thomas-kowalski-7117,Italy,"Turin, Italy",Hosting provider,qualified,Cold list — MSP EMEA,Elena V.,IT Director — Remote Access,1,5,4,2026-04-29T09:00:00.000Z,2026-07-06T09:00:00.000Z,Signal source (Sillage): Competitor (Parallels RAS) contract renewal window in Q3 | Tél: +33 160 225 381 | BANT confirmed — evaluating 25-seat TSplus Remote Access + Advanced Security.
1004,Marie,Andersen,marie.andersen@fjordsoftware.it,,Managing Director,Fjord Software,https://fjordsoftware.it,https://www.linkedin.com/in/marie-andersen-5352,Italy,"Turin, Italy",Hosting provider,new,IC(E)looP,Daniel F.,,0,0,0,2026-04-15T09:00:00.000Z,2026-04-15T09:00:00.000Z,Signal source (Sillage): Published article on secure remote work for hybrid teams
1005,Emma,Petit,emma.petit@atlasmanagedservic.nl,+33 836 127 899,DevOps Lead,Atlas Managed Services BV,https://atlasmanagedservic.nl,https://www.linkedin.com/in/emma-petit-8752,Netherlands,"Amsterdam, Netherlands",Hosting provider,bounced,Trade show — IT Partners,Sophie M.,,2,0,0,2026-06-08T09:00:00.000Z,2026-06-10T09:00:00.000Z,Signal source (Sillage): Competitor (Parallels RAS) contract renewal window in Q3 | Tél: +33 836 127 899 | Hard bounce — email invalid. Needs re-enrichment.
1006,Daniel,Brown,daniel.brown@horizonreseauxbv.nl,+33 377 535 817,Managing Director,Horizon Réseaux BV,https://horizonreseauxbv.nl,https://www.linkedin.com/in/daniel-brown-4139,Netherlands,"Rotterdam, Netherlands",Hosting provider,not_interested,Partner referral,Sophie M.,,4,3,2,2026-03-27T09:00:00.000Z,2026-07-07T09:00:00.000Z,Signal source (Sillage): Hiring 3 sysadmins (LinkedIn job posts) — infra team scaling | Tél: +33 377 535 817 | Went with in-house VPN.
1007,Lars,Ferrari,lars.ferrari@alpinedigitalltd.it,+33 765 906 873,DevOps Lead,Alpine Digital Ltd,https://alpinedigitalltd.it,,Italy,"Turin, Italy",End customer,not_interested,Webinar — Secure Remote Access 2026,Elena V.,IT Director — Remote Access,4,2,1,2026-04-03T09:00:00.000Z,2026-06-17T09:00:00.000Z,Signal source (Sillage): Published article on secure remote work for hybrid teams | Tél: +33 765 906 873 | No budget this fiscal year.
1008,Laura,Andersen,laura.andersen@silverlinesolution.com,+1 599 768 678,VP Engineering,Silverline Solutions BV,https://silverlinesolution.com,https://www.linkedin.com/in/laura-andersen-6391,United States,"Boston, United States",MSP,replied,Cold list — MSP EMEA,Daniel F.,Reseller re-engagement,4,2,2,2026-03-16T09:00:00.000Z,2026-05-27T09:00:00.000Z,Signal source (Sillage): Posted about Citrix licensing costs on LinkedIn | Tél: +1 599 768 678
1009,Léa,Laurent,lea.laurent@deltanetworksab.it,+33 960 311 652,Head of Infrastructure,Delta Networks AB,https://deltanetworksab.it,https://www.linkedin.com/in/lea-laurent-7589,Italy,"Milan, Italy",End customer,contacted,IC(E)looP,Karim B.,MSP Outbound — EMEA,1,0,0,2026-05-24T09:00:00.000Z,2026-06-07T09:00:00.000Z,"Signal source (Sillage): Attended ""Zero Trust for SMBs"" webinar | Tél: +33 960 311 652"
1010,Sarah,Ferrari,sarah.ferrari@northgatetechnolog.fr,+33 469 355 466,Head of Infrastructure,Northgate Technologies,https://northgatetechnolog.fr,https://www.linkedin.com/in/sarah-ferrari-4356,France,"Lille, France",VAR / Reseller,contacted,IC(E)looP,Daniel F.,MSP Outbound — EMEA,1,0,0,2026-06-07T09:00:00.000Z,2026-06-14T09:00:00.000Z,Signal source (Sillage): GitHub activity around RDP automation scripts | Tél: +33 469 355 466
1011,James,Schneider,james.schneider@corvuscloudgmbh.es,+33 486 830 755,Head of Managed Services,Corvus Cloud GmbH,https://corvuscloudgmbh.es,https://www.linkedin.com/in/james-schneider-4290,Spain,"Madrid, Spain",Hosting provider,opened,Trade show — IT Partners,Unassigned,,2,1,0,2026-04-25T09:00:00.000Z,2026-06-20T09:00:00.000Z,Signal source (Sillage): Champion changed roles — new Head of IT onboarding | Tél: +33 486 830 755
1012,Camille,Jones,camille.jones@junomspltd.com,+1 963 901 259,MSP Owner,Juno MSP Ltd,https://junomspltd.com,,United States,"Denver, United States",End customer,opened,Inbound — Trial signup,Karim B.,MSP Outbound — EMEA,2,1,0,2026-04-25T09:00:00.000Z,2026-06-04T09:00:00.000Z,Signal source (Sillage): Posted about Citrix licensing costs on LinkedIn | Tél: +1 963 901 259
1013,Lars,Andersen,lars.andersen@vertexa.es,,System Administrator,Vertexa,https://vertexa.es,https://www.linkedin.com/in/lars-andersen-7368,Spain,"Valencia, Spain",End customer,new,Trade show — IT Partners,Sophie M.,,0,0,0,2026-05-27T09:00:00.000Z,2026-05-27T09:00:00.000Z,Signal source (Sillage): GitHub activity around RDP automation scripts
1014,Guillaume,Fernández,guillaume.fernandez@vantagemspsas.be,,Sysadmin,Vantage MSP SAS,https://vantagemspsas.be,https://www.linkedin.com/in/guillaume-fernandez-3945,Belgium,"Brussels, Belgium",End customer,customer,IC(E)looP,Sophie M.,Trial no-activation nurture,2,5,3,2026-06-10T09:00:00.000Z,2026-06-14T09:00:00.000Z,Signal source (Sillage): Opened a new branch office — remote access need | Closed-won — 221 seats. Onboarding scheduled.
1015,Ashley,Johnson,ashley.johnson@kappahostingbv.be,,Cloud Architect,Kappa Hosting BV,https://kappahostingbv.be,https://www.linkedin.com/in/ashley-johnson-6116,Belgium,"Brussels, Belgium",End customer,new,Cold list — MSP EMEA,Daniel F.,,0,0,0,2026-07-02T09:00:00.000Z,2026-07-02T09:00:00.000Z,Signal source (Sillage): GitHub activity around RDP automation scripts
1016,Sébastien,De Vries,sebastien.devries@terrasoftsas.es,+33 771 806 593,Head of Infrastructure,Terrasoft SAS,https://terrasoftsas.es,https://www.linkedin.com/in/sebastien-devries-2635,Spain,"Madrid, Spain",VAR / Reseller,enriched,IC(E)looP,Sophie M.,,0,0,0,2026-05-16T09:00:00.000Z,2026-05-16T09:00:00.000Z,Signal source (Sillage): Hiring 3 sysadmins (LinkedIn job posts) — infra team scaling | Tél: +33 771 806 593
1017,Antoine,Schneider,antoine.schneider@pixelforgeinc.nl,+33 928 184 739,DevOps Lead,Pixel Forge Inc,https://pixelforgeinc.nl,https://www.linkedin.com/in/antoine-schneider-2087,Netherlands,"Amsterdam, Netherlands",VAR / Reseller,meeting_booked,LinkedIn Sales Navigator,Sophie M.,MSP Outbound — EMEA,1,4,2,2026-04-07T09:00:00.000Z,2026-05-28T09:00:00.000Z,Signal source (Sillage): Competitor (Parallels RAS) contract renewal window in Q3 | Tél: +33 928 184 739 | Meeting booked for 2026-07-13.
1018,Matthew,Davis,matthew.davis@praxisdigitalinc.nl,,IT Consultant,Praxis Digital Inc,https://praxisdigitalinc.nl,https://www.linkedin.com/in/matthew-davis-8577,Netherlands,"Amsterdam, Netherlands",End customer,new,Partner referral,Sophie M.,,0,0,0,2026-06-22T09:00:00.000Z,2026-06-22T09:00:00.000Z,Signal source (Sillage): Posted about Citrix licensing costs on LinkedIn
1019,Élise,Jansen,elise.jansen@aventisitab.de,,Sysadmin,Aventis IT AB,https://aventisitab.de,https://www.linkedin.com/in/elise-jansen-5899,Germany,"Hamburg, Germany",MSP,meeting_booked,Cold list — MSP EMEA,Elena V.,IT Director — Remote Access,4,4,4,2026-03-31T09:00:00.000Z,2026-07-07T09:00:00.000Z,Signal source (Sillage): Champion changed roles — new Head of IT onboarding | Meeting booked for 2026-07-16.
1020,Pierre,Bernard,pierre.bernard@pixelforgegmbh.nl,+33 868 398 819,Infrastructure Engineer,Pixel Forge GmbH,https://pixelforgegmbh.nl,https://www.linkedin.com/in/pierre-bernard-9511,Netherlands,"Utrecht, Netherlands",Hosting provider,replied,Inbound — Trial signup,Sophie M.,Reseller re-engagement,1,1,1,2026-05-24T09:00:00.000Z,2026-06-29T09:00:00.000Z,Signal source (Sillage): Funding round announced — likely IT tooling budget | Tél: +33 868 398 819
1021,Guillaume,Martin,guillaume.martin@granitesystemssas.es,+33 359 673 910,IT Manager,Granite Systems SAS,https://granitesystemssas.es,https://www.linkedin.com/in/guillaume-martin-6626,Spain,"Madrid, Spain",End customer,enriched,Partner referral,Daniel F.,,0,0,0,2026-06-24T09:00:00.000Z,2026-06-24T09:00:00.000Z,Signal source (Sillage): Funding round announced — likely IT tooling budget | Tél: +33 359 673 910
1022,David,Jones,david.jones@atlasmanagedservic.es,,IT Consultant,Atlas Managed Services,https://atlasmanagedservic.es,https://www.linkedin.com/in/david-jones-7718,Spain,"Barcelona, Spain",End customer,new,IC(E)looP,Karim B.,,0,0,0,2026-04-06T09:00:00.000Z,2026-04-06T09:00:00.000Z,Signal source (Sillage): Published article on secure remote work for hybrid teams
1023,Lars,Michel,lars.michel@helvetiasystemsgmb.es,,DevOps Lead,Helvetia Systems GmbH,https://helvetiasystemsgmb.es,https://www.linkedin.com/in/lars-michel-8922,Spain,"Barcelona, Spain",Hosting provider,opened,IC(E)looP,Daniel F.,Trial no-activation nurture,3,5,0,2026-04-08T09:00:00.000Z,2026-05-26T09:00:00.000Z,Signal source (Sillage): GitHub activity around RDP automation scripts
1024,Alexandre,Durand,alexandre.durand@praxisdigitalab.it,+33 573 106 983,Head of Infrastructure,Praxis Digital AB,https://praxisdigitalab.it,,Italy,"Rome, Italy",Hosting provider,unsubscribed,Partner referral,Karim B.,,2,1,0,2026-07-05T09:00:00.000Z,2026-07-06T09:00:00.000Z,Signal source (Sillage): Posted about Citrix licensing costs on LinkedIn | Tél: +33 573 106 983 | Unsubscribed via email link — do not contact.
1025,Marco,Kowalski,marco.kowalski@inertialabssas.de,,Cloud Architect,Inertia Labs SAS,https://inertialabssas.de,https://www.linkedin.com/in/marco-kowalski-4650,Germany,"Cologne, Germany",End customer,contacted,Partner referral,Karim B.,,2,0,0,2026-05-10T09:00:00.000Z,2026-06-24T09:00:00.000Z,Signal source (Sillage): Mentioned migrating away from legacy RDS gateway
1026,Michael,Williams,michael.williams@solsticeitsarl.fr,,Infrastructure Engineer,Solstice IT SARL,https://solsticeitsarl.fr,https://www.linkedin.com/in/michael-williams-2014,France,"Lyon, France",VAR / Reseller,qualified,Cold list — MSP EMEA,Sophie M.,IT Director — Remote Access,3,1,1,2026-05-21T09:00:00.000Z,2026-06-03T09:00:00.000Z,Signal source (Sillage): Opened a new branch office — remote access need | BANT confirmed — evaluating 25-seat TSplus Remote Access + Advanced Security.
1027,Giulia,Anderson,giulia.anderson@deltanetworks.com,+1 287 602 470,CIO,Delta Networks,https://deltanetworks.com,https://www.linkedin.com/in/giulia-anderson-9076,United States,"Denver, United States",Hosting provider,enriched,Inbound — Trial signup,Unassigned,,0,0,0,2026-04-02T09:00:00.000Z,2026-04-02T09:00:00.000Z,Signal source (Sillage): Opened a new branch office — remote access need | Tél: +1 287 602 470
1028,Daniel,Nowak,daniel.nowak@solsticeit.es,+33 952 766 719,Network Engineer,Solstice IT,https://solsticeit.es,https://www.linkedin.com/in/daniel-nowak-2943,Spain,"Valencia, Spain",MSP,contacted,IC(E)looP,Karim B.,IT Director — Remote Access,1,0,0,2026-05-06T09:00:00.000Z,2026-06-04T09:00:00.000Z,"Signal source (Sillage): Attended ""Zero Trust for SMBs"" webinar | Tél: +33 952 766 719"
1029,Sarah,Michel,sarah.michel@vertexasas.com,,IT Consultant,Vertexa SAS,https://vertexasas.com,https://www.linkedin.com/in/sarah-michel-7628,United States,"Chicago, United States",Hosting provider,qualified,Webinar — Secure Remote Access 2026,Karim B.,,5,6,3,2026-04-22T09:00:00.000Z,2026-05-28T09:00:00.000Z,Signal source (Sillage): Mentioned migrating away from legacy RDS gateway | BANT confirmed — evaluating 25-seat TSplus Remote Access + Advanced Security.
1030,Michael,Garcia,michael.garcia@granitesystemsab.nl,+33 935 916 786,Network Engineer,Granite Systems AB,https://granitesystemsab.nl,https://www.linkedin.com/in/michael-garcia-4831,Netherlands,"Amsterdam, Netherlands",VAR / Reseller,not_interested,Cold list — MSP EMEA,Sophie M.,Reseller re-engagement,4,3,1,2026-04-16T09:00:00.000Z,2026-06-19T09:00:00.000Z,Signal source (Sillage): Published article on secure remote work for hybrid teams | Tél: +33 935 916 786 | Not a decision maker — asked to stop.
1031,Matthew,Jones,matthew.jones@cloudhaven.it,,Infrastructure Engineer,CloudHaven,https://cloudhaven.it,https://www.linkedin.com/in/matthew-jones-4211,Italy,"Rome, Italy",End customer,new,IC(E)looP,Sophie M.,,0,0,0,2026-04-02T09:00:00.000Z,2026-04-02T09:00:00.000Z,Signal source (Sillage): GitHub activity around RDP automation scripts
1032,Alexandre,Thomas,alexandre.thomas@praxisdigitalbv.co.uk,,Cloud Architect,Praxis Digital BV,https://praxisdigitalbv.co.uk,https://www.linkedin.com/in/alexandre-thomas-5360,United Kingdom,"Leeds, United Kingdom",VAR / Reseller,new,Partner referral,Sophie M.,,0,0,0,2026-05-13T09:00:00.000Z,2026-05-13T09:00:00.000Z,Signal source (Sillage): Published article on secure remote work for hybrid teams
1033,Thomas,Bernard,thomas.bernard@meridiansoftware.it,+33 172 592 584,CIO,Meridian Software,https://meridiansoftware.it,https://www.linkedin.com/in/thomas-bernard-2237,Italy,"Rome, Italy",VAR / Reseller,opened,IC(E)looP,Unassigned,,2,2,0,2026-06-19T09:00:00.000Z,2026-06-29T09:00:00.000Z,Signal source (Sillage): Competitor (Parallels RAS) contract renewal window in Q3 | Tél: +33 172 592 584
1034,Amanda,Fontaine,amanda.fontaine@quanticlabsab.de,+49 140 924 299,IT Support Lead,Quantic Labs AB,https://quanticlabsab.de,https://www.linkedin.com/in/amanda-fontaine-9750,Germany,"Frankfurt, Germany",End customer,enriched,Inbound — Trial signup,Unassigned,,0,0,0,2026-05-05T09:00:00.000Z,2026-05-05T09:00:00.000Z,Signal source (Sillage): Opened a new branch office — remote access need | Tél: +49 140 924 299
1035,Guillaume,Martin,guillaume.martin@cloudhavenbv.fr,,IT Support Lead,CloudHaven BV,https://cloudhavenbv.fr,https://www.linkedin.com/in/guillaume-martin-2868,France,"Lille, France",MSP,replied,LinkedIn Sales Navigator,Daniel F.,IT Director — Remote Access,2,6,3,2026-04-17T09:00:00.000Z,2026-06-22T09:00:00.000Z,Signal source (Sillage): Published article on secure remote work for hybrid teams
1036,Piotr,Williams,piotr.williams@bluecedarltd.com,,Sysadmin,BlueCedar Ltd,https://bluecedarltd.com,https://www.linkedin.com/in/piotr-williams-7173,United States,"Atlanta, United States",MSP,new,LinkedIn Sales Navigator,Sophie M.,,0,0,0,2026-06-12T09:00:00.000Z,2026-06-12T09:00:00.000Z,Signal source (Sillage): Hiring 3 sysadmins (LinkedIn job posts) — infra team scaling
1037,Lars,Petit,lars.petit@willownetworks.nl,,Sysadmin,Willow Networks,https://willownetworks.nl,https://www.linkedin.com/in/lars-petit-2555,Netherlands,"Amsterdam, Netherlands",MSP,unsubscribed,Webinar — Secure Remote Access 2026,Sophie M.,,1,4,0,2026-04-11T09:00:00.000Z,2026-06-01T09:00:00.000Z,Signal source (Sillage): GitHub activity around RDP automation scripts | Unsubscribed via email link — do not contact.
1038,Giulia,Lefebvre,giulia.lefebvre@praxisdigitalsarl.it,,IT Manager,Praxis Digital SARL,https://praxisdigitalsarl.it,https://www.linkedin.com/in/giulia-lefebvre-2482,Italy,"Turin, Italy",Hosting provider,new,Partner referral,Karim B.,,0,0,0,2026-05-25T09:00:00.000Z,2026-05-25T09:00:00.000Z,Signal source (Sillage): Mentioned migrating away from legacy RDS gateway
1039,Lukas,Roux,lukas.roux@fjordsoftwareltd.fr,,Managing Director,Fjord Software Ltd,https://fjordsoftwareltd.fr,https://www.linkedin.com/in/lukas-roux-8219,France,"Paris, France",End customer,new,IC(E)looP,Sophie M.,,0,0,0,2026-05-03T09:00:00.000Z,2026-05-03T09:00:00.000Z,Signal source (Sillage): Champion changed roles — new Head of IT onboarding
1040,Sarah,Moreau,sarah.moreau@orbitsystemsbv.de,+49 522 357 535,IT Operations Manager,Orbit Systems BV,https://orbitsystemsbv.de,,Germany,"Berlin, Germany",Hosting provider,bounced,IC(E)looP,Sophie M.,,2,0,0,2026-03-21T09:00:00.000Z,2026-06-10T09:00:00.000Z,Signal source (Sillage): Hiring 3 sysadmins (LinkedIn job posts) — infra team scaling | Tél: +49 522 357 535 | Hard bounce — email invalid. Needs re-enrichment.
1041,Sébastien,Müller,sebastien.muller@vertexaltd.com,+1 122 272 453,IT Director,Vertexa Ltd,https://vertexaltd.com,https://www.linkedin.com/in/sebastien-muller-8034,United States,"Boston, United States",End customer,contacted,Inbound — Trial signup,Karim B.,MSP Outbound — EMEA,2,0,0,2026-04-23T09:00:00.000Z,2026-06-13T09:00:00.000Z,Signal source (Sillage): Opened a new branch office — remote access need | Tél: +1 122 272 453
1042,Manon,Wilson,manon.wilson@helvetiasystems.be,,Cloud Architect,Helvetia Systems,https://helvetiasystems.be,https://www.linkedin.com/in/manon-wilson-6127,Belgium,"Antwerp, Belgium",Hosting provider,replied,LinkedIn Sales Navigator,Karim B.,IT Director — Remote Access,4,7,4,2026-03-16T09:00:00.000Z,2026-06-23T09:00:00.000Z,Signal source (Sillage): Hiring 3 sysadmins (LinkedIn job posts) — infra team scaling
1043,Manon,Leroy,manon.leroy@everestitgroupab.fr,,Network Engineer,Everest IT Group AB,https://everestitgroupab.fr,https://www.linkedin.com/in/manon-leroy-1959,France,"Nantes, France",Hosting provider,new,IC(E)looP,Unassigned,,0,0,0,2026-05-04T09:00:00.000Z,2026-05-04T09:00:00.000Z,Signal source (Sillage): Hiring 3 sysadmins (LinkedIn job posts) — infra team scaling
1044,Lukas,Johnson,lukas.johnson@umbrasystemsltd.fr,,MSP Owner,Umbra Systems Ltd,https://umbrasystemsltd.fr,https://www.linkedin.com/in/lukas-johnson-3523,France,"Lyon, France",Hosting provider,customer,Cold list — MSP EMEA,Karim B.,,4,2,1,2026-04-30T09:00:00.000Z,2026-06-05T09:00:00.000Z,Signal source (Sillage): Champion changed roles — new Head of IT onboarding | Closed-won — 66 seats. Onboarding scheduled.
1045,Guillaume,Nielsen,guillaume.nielsen@corvuscloudltd.be,,IT Director,Corvus Cloud Ltd,https://corvuscloudltd.be,https://www.linkedin.com/in/guillaume-nielsen-7336,Belgium,"Brussels, Belgium",MSP,not_interested,LinkedIn Sales Navigator,Elena V.,,4,5,1,2026-04-27T09:00:00.000Z,2026-07-04T09:00:00.000Z,"Signal source (Sillage): Attended ""Zero Trust for SMBs"" webinar | Not a decision maker — asked to stop."
1046,Christopher,Taylor,christopher.taylor@horizonreseauxbv-old.fr,,VP Engineering,Horizon Réseaux BV,https://horizonreseauxbv.fr,https://www.linkedin.com/in/christopher-taylor-5730,France,"Paris, France",VAR / Reseller,bounced,Partner referral,Unassigned,MSP Outbound — EMEA,2,0,0,2026-05-09T09:00:00.000Z,2026-06-01T09:00:00.000Z,Signal source (Sillage): Funding round announced — likely IT tooling budget | Hard bounce — email invalid. Needs re-enrichment.
1047,Chloé,Martin,chloe.martin@deltanetworksab.be,+33 878 359 544,Managing Director,Delta Networks AB,https://deltanetworksab.be,https://www.linkedin.com/in/chloe-martin-2239,Belgium,"Brussels, Belgium",Hosting provider,enriched,Cold list — MSP EMEA,Karim B.,,0,0,0,2026-05-30T09:00:00.000Z,2026-05-30T09:00:00.000Z,Signal source (Sillage): Mentioned migrating away from legacy RDS gateway | Tél: +33 878 359 544
1048,Sarah,Fernández,sarah.fernandez@junomspinc.it,+33 642 623 822,IT Consultant,Juno MSP Inc,https://junomspinc.it,https://www.linkedin.com/in/sarah-fernandez-2960,Italy,"Turin, Italy",VAR / Reseller,qualified,IC(E)looP,Karim B.,IT Director — Remote Access,1,7,1,2026-04-01T09:00:00.000Z,2026-07-06T09:00:00.000Z,Signal source (Sillage): Competitor (Parallels RAS) contract renewal window in Q3 | Tél: +33 642 623 822 | BANT confirmed — evaluating 25-seat TSplus Remote Access + Advanced Security.
1049,Daniel,Leroy,daniel.leroy@ironwoodit.it,+33 495 259 326,IT Operations Manager,Ironwood IT,https://ironwoodit.it,https://www.linkedin.com/in/daniel-leroy-4251,Italy,"Rome, Italy",MSP,qualified,Trade show — IT Partners,Daniel F.,,1,4,4,2026-06-27T09:00:00.000Z,2026-07-08T09:00:00.000Z,Signal source (Sillage): Funding round announced — likely IT tooling budget | Tél: +33 495 259 326 | BANT confirmed — evaluating 25-seat TSplus Remote Access + Advanced Security.
1050,Daniel,Garcia,daniel.garcia@corvuscloudinc.fr,,Head of Infrastructure,Corvus Cloud Inc,https://corvuscloudinc.fr,https://www.linkedin.com/in/daniel-garcia-9136,France,"Lille, France",MSP,meeting_booked,Cold list — MSP EMEA,Karim B.,MSP Outbound — EMEA,2,6,1,2026-07-06T09:00:00.000Z,2026-07-07T09:00:00.000Z,Signal source (Sillage): Champion changed roles — new Head of IT onboarding | Meeting booked for 2026-07-15.
1051,Marco,Andersen,marco.andersen@kappahostingab.be,,Sysadmin,Kappa Hosting AB,https://kappahostingab.be,,Belgium,"Brussels, Belgium",VAR / Reseller,replied,IC(E)looP,Daniel F.,MSP Outbound — EMEA,2,3,4,2026-03-27T09:00:00.000Z,2026-06-28T09:00:00.000Z,Signal source (Sillage): Champion changed roles — new Head of IT onboarding
1052,Sofía,Dubois,sofia.dubois@helvetiasystems.nl,,IT Operations Manager,Helvetia Systems,https://helvetiasystems.nl,https://www.linkedin.com/in/sofia-dubois-3142,Netherlands,"Amsterdam, Netherlands",End customer,new,Cold list — MSP EMEA,Daniel F.,,0,0,0,2026-05-09T09:00:00.000Z,2026-05-09T09:00:00.000Z,Signal source (Sillage): Mentioned migrating away from legacy RDS gateway
1053,Christopher,Nielsen,christopher.nielsen@ironwooditsas.co.uk,+44 188 347 783,CTO,Ironwood IT SAS,https://ironwooditsas.co.uk,https://www.linkedin.com/in/christopher-nielsen-9070,United Kingdom,"Bristol, United Kingdom",VAR / Reseller,customer,IC(E)looP,Elena V.,IT Director — Remote Access,5,3,1,2026-06-20T09:00:00.000Z,2026-06-25T09:00:00.000Z,"Signal source (Sillage): Attended ""Zero Trust for SMBs"" webinar | Tél: +44 188 347 783 | Closed-won — 15 seats. Onboarding scheduled."
1054,Sanne,Fontaine,sanne.fontaine@alpinedigital.com,+1 840 962 976,Sysadmin,Alpine Digital,https://alpinedigital.com,,United States,"Chicago, United States",End customer,customer,IC(E)looP,Unassigned,Reseller re-engagement,2,6,2,2026-05-25T09:00:00.000Z,2026-06-18T09:00:00.000Z,"Signal source (Sillage): Attended ""Zero Trust for SMBs"" webinar | Tél: +1 840 962 976 | Closed-won — 109 seats. Onboarding scheduled."
1055,Alexandre,Rossi,alexandre.rossi@praxisdigitalbv.nl,,VP Engineering,Praxis Digital BV,https://praxisdigitalbv.nl,https://www.linkedin.com/in/alexandre-rossi-8142,Netherlands,"Utrecht, Netherlands",End customer,replied,Trade show — IT Partners,Daniel F.,Trial no-activation nurture,2,4,4,2026-04-25T09:00:00.000Z,2026-06-19T09:00:00.000Z,Signal source (Sillage): Opened a new branch office — remote access need
1056,Sébastien,Johnson,sebastien.johnson@zephyrhosting.co.uk,,Technical Director,Zephyr Hosting,https://zephyrhosting.co.uk,https://www.linkedin.com/in/sebastien-johnson-7762,United Kingdom,"Manchester, United Kingdom",Hosting provider,new,Partner referral,Karim B.,,0,0,0,2026-04-16T09:00:00.000Z,2026-04-16T09:00:00.000Z,Signal source (Sillage): Hiring 3 sysadmins (LinkedIn job posts) — infra team scaling
1057,Marco,Robert,marco.robert@corvuscloudltd.co.uk,+44 522 903 247,Technical Director,Corvus Cloud Ltd,https://corvuscloudltd.co.uk,https://www.linkedin.com/in/marco-robert-7239,United Kingdom,"Bristol, United Kingdom",Hosting provider,qualified,IC(E)looP,Karim B.,,1,6,1,2026-05-04T09:00:00.000Z,2026-07-02T09:00:00.000Z,Signal source (Sillage): Published article on secure remote work for hybrid teams | Tél: +44 522 903 247 | BANT confirmed — evaluating 25-seat TSplus Remote Access + Advanced Security.
1058,Emily,García,emily.garcia@ironwooditsas.fr,+33 448 186 282,CIO,Ironwood IT SAS,https://ironwooditsas.fr,https://www.linkedin.com/in/emily-garcia-2543,France,"Paris, France",Hosting provider,contacted,IC(E)looP,Sophie M.,Trial no-activation nurture,1,0,0,2026-06-11T09:00:00.000Z,2026-06-29T09:00:00.000Z,Signal source (Sillage): Opened a new branch office — remote access need | Tél: +33 448 186 282
1059,Marie,Bernard,marie.bernard@cloudhavenltd.fr,+33 412 215 772,Infrastructure Engineer,CloudHaven Ltd,https://cloudhavenltd.fr,https://www.linkedin.com/in/marie-bernard-7344,France,"Lyon, France",MSP,not_interested,Trade show — IT Partners,Karim B.,,2,6,2,2026-06-10T09:00:00.000Z,2026-06-17T09:00:00.000Z,"Signal source (Sillage): Posted about Citrix licensing costs on LinkedIn | Tél: +33 412 215 772 | Using Parallels RAS, happy for now."
1060,Julien,Durand,julien.durand@pixelforgeltd.com,+1 938 155 449,CTO,Pixel Forge Ltd,https://pixelforgeltd.com,https://www.linkedin.com/in/julien-durand-1278,United States,"Austin, United States",MSP,opened,Inbound — Trial signup,Sophie M.,IT Director — Remote Access,3,4,0,2026-03-25T09:00:00.000Z,2026-06-27T09:00:00.000Z,Signal source (Sillage): Competitor (Parallels RAS) contract renewal window in Q3 | Tél: +1 938 155 449
1061,Marie,Garcia,marie.garcia@nordtech.es,+33 172 210 383,VP Engineering,Nordtech,https://nordtech.es,https://www.linkedin.com/in/marie-garcia-7020,Spain,"Barcelona, Spain",VAR / Reseller,opened,Webinar — Secure Remote Access 2026,Elena V.,MSP Outbound — EMEA,3,8,0,2026-04-22T09:00:00.000Z,2026-05-28T09:00:00.000Z,Signal source (Sillage): Competitor (Parallels RAS) contract renewal window in Q3 | Tél: +33 172 210 383
1062,Lukas,García,lukas.garcia@voltaiccloud.co.uk,+44 162 871 148,IT Director,Voltaic Cloud,https://voltaiccloud.co.uk,https://www.linkedin.com/in/lukas-garcia-7532,United Kingdom,"Leeds, United Kingdom",VAR / Reseller,qualified,Trade show — IT Partners,Sophie M.,,3,5,1,2026-06-07T09:00:00.000Z,2026-07-01T09:00:00.000Z,Signal source (Sillage): Opened a new branch office — remote access need | Tél: +44 162 871 148 | BANT confirmed — evaluating 25-seat TSplus Remote Access + Advanced Security.
1063,Pierre,Nielsen,pierre.nielsen@solsticeitsas.com,,CIO,Solstice IT SAS,https://solsticeitsas.com,,United States,"Denver, United States",Hosting provider,new,Inbound — Trial signup,Sophie M.,,0,0,0,2026-03-17T09:00:00.000Z,2026-03-17T09:00:00.000Z,Signal source (Sillage): Mentioned migrating away from legacy RDS gateway
1064,Thomas,Martin,thomas.martin@pixelforgesas.de,,IT Consultant,Pixel Forge SAS,https://pixelforgesas.de,,Germany,"Hamburg, Germany",VAR / Reseller,new,LinkedIn Sales Navigator,Karim B.,,0,0,0,2026-06-20T09:00:00.000Z,2026-06-20T09:00:00.000Z,Signal source (Sillage): Champion changed roles — new Head of IT onboarding
1065,Sanne,Garcia,sanne.garcia@everestitgroup.fr,,IT Manager,Everest IT Group,https://everestitgroup.fr,https://www.linkedin.com/in/sanne-garcia-4245,France,"Lyon, France",End customer,meeting_booked,IC(E)looP,Karim B.,,4,7,1,2026-06-28T09:00:00.000Z,2026-07-07T09:00:00.000Z,Signal source (Sillage): GitHub activity around RDP automation scripts | Meeting booked for 2026-07-10.
1066,Antoine,Jones,antoine.jones@fjordsoftwaresarl.fr,+33 740 392 972,IT Director,Fjord Software SARL,https://fjordsoftwaresarl.fr,https://www.linkedin.com/in/antoine-jones-4071,France,"Bordeaux, France",Hosting provider,enriched,IC(E)looP,Karim B.,,0,0,0,2026-04-05T09:00:00.000Z,2026-04-05T09:00:00.000Z,Signal source (Sillage): Published article on secure remote work for hybrid teams | Tél: +33 740 392 972
1067,Camille,Nowak,camille.nowak@pixelforgeltd.co.uk,,Network Engineer,Pixel Forge Ltd,https://pixelforgeltd.co.uk,https://www.linkedin.com/in/camille-nowak-2081,United Kingdom,"Manchester, United Kingdom",VAR / Reseller,meeting_booked,IC(E)looP,Karim B.,,4,6,4,2026-05-04T09:00:00.000Z,2026-06-06T09:00:00.000Z,"Signal source (Sillage): Attended ""Zero Trust for SMBs"" webinar | Meeting booked for 2026-07-15."
1068,Ewa,Leroy,ewa.leroy@silverlinesolution.es,+33 242 193 148,DevOps Lead,Silverline Solutions BV,https://silverlinesolution.es,,Spain,"Valencia, Spain",End customer,enriched,Trade show — IT Partners,Sophie M.,,0,0,0,2026-04-06T09:00:00.000Z,2026-04-06T09:00:00.000Z,Signal source (Sillage): Champion changed roles — new Head of IT onboarding | Tél: +33 242 193 148
1069,Sophie,Miller,sophie.miller@vantagemspltd.com,+1 734 755 966,IT Director,Vantage MSP Ltd,https://vantagemspltd.com,https://www.linkedin.com/in/sophie-miller-4394,United States,"Chicago, United States",Hosting provider,replied,Webinar — Secure Remote Access 2026,Unassigned,Trial no-activation nurture,3,7,3,2026-06-02T09:00:00.000Z,2026-06-08T09:00:00.000Z,Signal source (Sillage): Published article on secure remote work for hybrid teams | Tél: +1 734 755 966
1070,Marie,Fernández,marie.fernandez@voltaiccloudltd.nl,+33 483 507 357,CIO,Voltaic Cloud Ltd,https://voltaiccloudltd.nl,https://www.linkedin.com/in/marie-fernandez-9359,Netherlands,"Utrecht, Netherlands",End customer,opened,Inbound — Trial signup,Unassigned,,1,5,0,2026-03-28T09:00:00.000Z,2026-05-29T09:00:00.000Z,Signal source (Sillage): Competitor (Parallels RAS) contract renewal window in Q3 | Tél: +33 483 507 357
1071,Nicolas,Jones,nicolas.jones@nexlersas.com,,Technical Director,Nexler SAS,https://nexlersas.com,https://www.linkedin.com/in/nicolas-jones-1577,United States,"Atlanta, United States",MSP,opened,Webinar — Secure Remote Access 2026,Unassigned,Trial no-activation nurture,1,8,0,2026-04-21T09:00:00.000Z,2026-06-10T09:00:00.000Z,"Signal source (Sillage): Attended ""Zero Trust for SMBs"" webinar"
1072,Emma,Jones,emma.jones@junomspbv.it,+33 525 322 179,IT Operations Manager,Juno MSP BV,https://junomspbv.it,https://www.linkedin.com/in/emma-jones-3167,Italy,"Turin, Italy",VAR / Reseller,unsubscribed,IC(E)looP,Daniel F.,,3,7,0,2026-06-05T09:00:00.000Z,2026-06-26T09:00:00.000Z,Signal source (Sillage): GitHub activity around RDP automation scripts | Tél: +33 525 322 179 | Unsubscribed via email link — do not contact.
1073,Élise,Petit,elise.petit@junomspgmbh.com,,IT Operations Manager,Juno MSP GmbH,https://junomspgmbh.com,https://www.linkedin.com/in/elise-petit-9757,United States,"Atlanta, United States",Hosting provider,new,LinkedIn Sales Navigator,Karim B.,,0,0,0,2026-04-24T09:00:00.000Z,2026-04-24T09:00:00.000Z,"Signal source (Sillage): Attended ""Zero Trust for SMBs"" webinar"
1074,Pierre,Davis,pierre.davis@lumenreseaux.de,,CIO,Lumen Réseaux,https://lumenreseaux.de,https://www.linkedin.com/in/pierre-davis-2812,Germany,"Cologne, Germany",End customer,new,Cold list — MSP EMEA,Sophie M.,,0,0,0,2026-07-05T09:00:00.000Z,2026-07-05T09:00:00.000Z,Signal source (Sillage): Hiring 3 sysadmins (LinkedIn job posts) — infra team scaling
1075,Élise,Taylor,elise.taylor@vantagemspab.es,,Technical Director,Vantage MSP AB,https://vantagemspab.es,https://www.linkedin.com/in/elise-taylor-5586,Spain,"Madrid, Spain",MSP,new,IC(E)looP,Karim B.,,0,0,0,2026-05-03T09:00:00.000Z,2026-05-03T09:00:00.000Z,Signal source (Sillage): GitHub activity around RDP automation scripts
1076,Matthew,Nowak,matthew.nowak@nordtechsarl.es,+33 154 122 277,CIO,Nordtech SARL,https://nordtechsarl.es,https://www.linkedin.com/in/matthew-nowak-3812,Spain,"Barcelona, Spain",Hosting provider,enriched,IC(E)looP,Daniel F.,,0,0,0,2026-04-01T09:00:00.000Z,2026-04-01T09:00:00.000Z,Signal source (Sillage): Hiring 3 sysadmins (LinkedIn job posts) — infra team scaling | Tél: +33 154 122 277
1077,Emily,García,emily.garcia@ironwooditbv.co.uk,,Head of IT,Ironwood IT BV,https://ironwooditbv.co.uk,,United Kingdom,"Leeds, United Kingdom",VAR / Reseller,opened,IC(E)looP,Sophie M.,Reseller re-engagement,1,6,0,2026-04-22T09:00:00.000Z,2026-05-26T09:00:00.000Z,Signal source (Sillage): Hiring 3 sysadmins (LinkedIn job posts) — infra team scaling
1078,Emma,Jansen,emma.jansen@alpinedigitalgmbh.be,,VP Engineering,Alpine Digital GmbH,https://alpinedigitalgmbh.be,https://www.linkedin.com/in/emma-jansen-7728,Belgium,"Brussels, Belgium",VAR / Reseller,meeting_booked,IC(E)looP,Unassigned,IT Director — Remote Access,2,1,4,2026-05-26T09:00:00.000Z,2026-06-19T09:00:00.000Z,Signal source (Sillage): Opened a new branch office — remote access need | Meeting booked for 2026-07-13.
1079,Sanne,Lefebvre,sanne.lefebvre@everestitgroup.be,+33 832 276 120,Head of Managed Services,Everest IT Group,https://everestitgroup.be,https://www.linkedin.com/in/sanne-lefebvre-9483,Belgium,"Brussels, Belgium",VAR / Reseller,replied,Webinar — Secure Remote Access 2026,Elena V.,,3,3,1,2026-03-25T09:00:00.000Z,2026-06-20T09:00:00.000Z,"Signal source (Sillage): Attended ""Zero Trust for SMBs"" webinar | Tél: +33 832 276 120"
1080,Ewa,Jansen,ewa.jansen@cloudhaven.com,,Managing Director,CloudHaven,https://cloudhaven.com,https://www.linkedin.com/in/ewa-jansen-7782,United States,"Denver, United States",Hosting provider,not_interested,IC(E)looP,Sophie M.,MSP Outbound — EMEA,3,8,2,2026-04-17T09:00:00.000Z,2026-06-29T09:00:00.000Z,Signal source (Sillage): Champion changed roles — new Head of IT onboarding | Went with in-house VPN.
1081,Ashley,Bernard,ashley.bernard@deltanetworksbv.com,+1 489 399 887,IT Operations Manager,Delta Networks BV,https://deltanetworksbv.com,https://www.linkedin.com/in/ashley-bernard-4355,United States,"Atlanta, United States",VAR / Reseller,meeting_booked,Inbound — Trial signup,Karim B.,IT Director — Remote Access,3,6,1,2026-04-16T09:00:00.000Z,2026-07-06T09:00:00.000Z,Signal source (Sillage): Posted about Citrix licensing costs on LinkedIn | Tél: +1 489 399 887 | Meeting booked for 2026-07-10.
1082,Sophie,De Vries,sophie.devries@willownetworksltd.de,+49 274 844 729,IT Manager,Willow Networks Ltd,https://willownetworksltd.de,,Germany,"Hamburg, Germany",VAR / Reseller,enriched,Cold list — MSP EMEA,Sophie M.,,0,0,0,2026-04-15T09:00:00.000Z,2026-04-15T09:00:00.000Z,Signal source (Sillage): Mentioned migrating away from legacy RDS gateway | Tél: +49 274 844 729
1083,Sofía,Laurent,sofia.laurent@northgatetechnolog.com,+1 181 817 385,Head of Infrastructure,Northgate Technologies SAS,https://northgatetechnolog.com,https://www.linkedin.com/in/sofia-laurent-4880,United States,"Chicago, United States",MSP,replied,Trade show — IT Partners,Daniel F.,Reseller re-engagement,4,6,1,2026-04-05T09:00:00.000Z,2026-06-14T09:00:00.000Z,Signal source (Sillage): GitHub activity around RDP automation scripts | Tél: +1 181 817 385
1084,Marie,Kowalski,marie.kowalski@vertexa.es,,Head of IT,Vertexa,https://vertexa.es,https://www.linkedin.com/in/marie-kowalski-2194,Spain,"Madrid, Spain",MSP,not_interested,Webinar — Secure Remote Access 2026,Elena V.,Reseller re-engagement,3,5,1,2026-06-15T09:00:00.000Z,2026-06-19T09:00:00.000Z,Signal source (Sillage): Champion changed roles — new Head of IT onboarding | Went with in-house VPN.
1085,Nicolas,Dubois,nicolas.dubois@helvetiasystemsgmb.it,+33 950 973 686,MSP Owner,Helvetia Systems GmbH,https://helvetiasystemsgmb.it,https://www.linkedin.com/in/nicolas-dubois-9229,Italy,"Milan, Italy",End customer,contacted,Inbound — Trial signup,Daniel F.,,1,0,0,2026-03-23T09:00:00.000Z,2026-06-11T09:00:00.000Z,Signal source (Sillage): Competitor (Parallels RAS) contract renewal window in Q3 | Tél: +33 950 973 686
1086,Olivier,Johnson,olivier.johnson@vantagemspgmbh.co.uk,,DevOps Lead,Vantage MSP GmbH,https://vantagemspgmbh.co.uk,https://www.linkedin.com/in/olivier-johnson-6335,United Kingdom,"London, United Kingdom",MSP,new,IC(E)looP,Sophie M.,,0,0,0,2026-06-13T09:00:00.000Z,2026-06-13T09:00:00.000Z,Signal source (Sillage): Champion changed roles — new Head of IT onboarding
1087,Julien,Simon,julien.simon@nexler.be,+33 951 363 570,CIO,Nexler,https://nexler.be,https://www.linkedin.com/in/julien-simon-2572,Belgium,"Brussels, Belgium",End customer,bounced,IC(E)looP,Daniel F.,Trial no-activation nurture,2,0,0,2026-03-31T09:00:00.000Z,2026-06-03T09:00:00.000Z,Signal source (Sillage): Champion changed roles — new Head of IT onboarding | Tél: +33 951 363 570 | Hard bounce — email invalid. Needs re-enrichment.
1088,Pierre,Kowalski,pierre.kowalski@silverlinesolution.com,,IT Manager,Silverline Solutions,https://silverlinesolution.com,,United States,"Austin, United States",MSP,replied,Partner referral,Karim B.,Trial no-activation nurture,3,1,3,2026-03-25T09:00:00.000Z,2026-06-16T09:00:00.000Z,Signal source (Sillage): Funding round announced — likely IT tooling budget
1089,Emily,Müller,emily.muller@silverlinesolution.de,,Sysadmin,Silverline Solutions,https://silverlinesolution.de,https://www.linkedin.com/in/emily-muller-9530,Germany,"Munich, Germany",Hosting provider,new,Webinar — Secure Remote Access 2026,Elena V.,,0,0,0,2026-03-16T09:00:00.000Z,2026-03-16T09:00:00.000Z,Signal source (Sillage): Published article on secure remote work for hybrid teams
1090,Sofía,Durand,sofia.durand@orbitsystemsinc.it,+33 881 535 732,Head of IT,Orbit Systems Inc,https://orbitsystemsinc.it,https://www.linkedin.com/in/sofia-durand-1499,Italy,"Milan, Italy",End customer,customer,Cold list — MSP EMEA,Sophie M.,IT Director — Remote Access,5,3,4,2026-04-13T09:00:00.000Z,2026-06-14T09:00:00.000Z,Signal source (Sillage): Mentioned migrating away from legacy RDS gateway | Tél: +33 881 535 732 | Closed-won — 44 seats. Onboarding scheduled.
1091,Christopher,Schneider,christopher.schneider@northgatetechnolog.de,+49 733 870 342,System Administrator,Northgate Technologies,https://northgatetechnolog.de,https://www.linkedin.com/in/christopher-schneider-1851,Germany,"Munich, Germany",MSP,contacted,IC(E)looP,Sophie M.,Reseller re-engagement,1,0,0,2026-05-26T09:00:00.000Z,2026-06-20T09:00:00.000Z,Signal source (Sillage): Mentioned migrating away from legacy RDS gateway | Tél: +49 733 870 342
1092,Piotr,Schneider,piotr.schneider@quanticlabssarl.nl,,IT Manager,Quantic Labs SARL,https://quanticlabssarl.nl,,Netherlands,"Utrecht, Netherlands",MSP,enriched,LinkedIn Sales Navigator,Sophie M.,,0,0,0,2026-04-03T09:00:00.000Z,2026-04-03T09:00:00.000Z,Signal source (Sillage): Mentioned migrating away from legacy RDS gateway
1093,Anna,Rossi,anna.rossi@nordtech.nl,+33 289 519 699,CIO,Nordtech,https://nordtech.nl,https://www.linkedin.com/in/anna-rossi-3010,Netherlands,"Amsterdam, Netherlands",Hosting provider,enriched,IC(E)looP,Unassigned,,0,0,0,2026-04-10T09:00:00.000Z,2026-04-10T09:00:00.000Z,Signal source (Sillage): Posted about Citrix licensing costs on LinkedIn | Tél: +33 289 519 699
1094,David,García,david.garcia@meridiansoftwaregm.nl,+33 553 543 899,Head of Infrastructure,Meridian Software GmbH,https://meridiansoftwaregm.nl,https://www.linkedin.com/in/david-garcia-2063,Netherlands,"Rotterdam, Netherlands",Hosting provider,qualified,Partner referral,Daniel F.,IT Director — Remote Access,2,2,4,2026-07-02T09:00:00.000Z,2026-07-04T09:00:00.000Z,Signal source (Sillage): GitHub activity around RDP automation scripts | Tél: +33 553 543 899 | BANT confirmed — evaluating 25-seat TSplus Remote Access + Advanced Security.
1095,Christopher,Durand,christopher.durand@corvuscloudgmbh.it,+33 460 590 543,Network Engineer,Corvus Cloud GmbH,https://corvuscloudgmbh.it,,Italy,"Rome, Italy",MSP,contacted,LinkedIn Sales Navigator,Elena V.,MSP Outbound — EMEA,2,0,0,2026-05-09T09:00:00.000Z,2026-06-23T09:00:00.000Z,Signal source (Sillage): GitHub activity around RDP automation scripts | Tél: +33 460 590 543
1096,Lukas,Smith,lukas.smith@northgatetechnolog.be,,VP Engineering,Northgate Technologies,https://northgatetechnolog.be,https://www.linkedin.com/in/lukas-smith-9589,Belgium,"Antwerp, Belgium",End customer,new,Partner referral,Karim B.,,0,0,0,2026-04-03T09:00:00.000Z,2026-04-03T09:00:00.000Z,Signal source (Sillage): Posted about Citrix licensing costs on LinkedIn
1097,James,Ferrari,james.ferrari@zephyrhostingbv.com,+1 129 141 588,IT Director,Zephyr Hosting BV,https://zephyrhostingbv.com,https://www.linkedin.com/in/james-ferrari-1236,United States,"Atlanta, United States",End customer,opened,Trade show — IT Partners,Karim B.,Trial no-activation nurture,2,1,0,2026-03-19T09:00:00.000Z,2026-05-28T09:00:00.000Z,Signal source (Sillage): Champion changed roles — new Head of IT onboarding | Tél: +1 129 141 588
1098,Emily,Roux,emily.roux@fjordsoftwarebv.de,+49 449 456 487,Head of Infrastructure,Fjord Software BV,https://fjordsoftwarebv.de,https://www.linkedin.com/in/emily-roux-6240,Germany,"Frankfurt, Germany",Hosting provider,contacted,Cold list — MSP EMEA,Karim B.,IT Director — Remote Access,2,0,0,2026-05-09T09:00:00.000Z,2026-05-26T09:00:00.000Z,Signal source (Sillage): Champion changed roles — new Head of IT onboarding | Tél: +49 449 456 487
1099,Lukas,Williams,lukas.williams@pixelforgegmbh.it,+33 645 535 341,Head of Infrastructure,Pixel Forge GmbH,https://pixelforgegmbh.it,https://www.linkedin.com/in/lukas-williams-6069,Italy,"Milan, Italy",VAR / Reseller,unsubscribed,IC(E)looP,Daniel F.,,3,2,0,2026-04-03T09:00:00.000Z,2026-06-21T09:00:00.000Z,Signal source (Sillage): Mentioned migrating away from legacy RDS gateway | Tél: +33 645 535 341 | Unsubscribed via email link — do not contact.
1100,Matthew,Jones,matthew.jones@granitesystemsgmbh.nl,+33 826 579 377,IT Director,Granite Systems GmbH,https://granitesystemsgmbh.nl,,Netherlands,"Amsterdam, Netherlands",MSP,contacted,LinkedIn Sales Navigator,Sophie M.,Reseller re-engagement,1,0,0,2026-05-24T09:00:00.000Z,2026-06-02T09:00:00.000Z,Signal source (Sillage): Competitor (Parallels RAS) contract renewal window in Q3 | Tél: +33 826 579 377
1101,Anna,Michel,anna.michel@alpinedigital.com,,Managing Director,Alpine Digital,https://alpinedigital.com,https://www.linkedin.com/in/anna-michel-5899,United States,"Chicago, United States",End customer,opened,Cold list — MSP EMEA,Sophie M.,MSP Outbound — EMEA,2,5,0,2026-05-22T09:00:00.000Z,2026-06-20T09:00:00.000Z,"Signal source (Sillage): Attended ""Zero Trust for SMBs"" webinar"
1102,Jessica,Fernández,jessica.fernandez@nordtechsarl.es,+33 193 484 701,VP Engineering,Nordtech SARL,https://nordtechsarl.es,https://www.linkedin.com/in/jessica-fernandez-7530,Spain,"Valencia, Spain",MSP,unsubscribed,IC(E)looP,Karim B.,,2,5,0,2026-06-01T09:00:00.000Z,2026-06-24T09:00:00.000Z,Signal source (Sillage): GitHub activity around RDP automation scripts | Tél: +33 193 484 701 | Unsubscribed via email link — do not contact.
1103,Antoine,Garcia,antoine.garcia@nordtech.co.uk,,Head of Managed Services,Nordtech,https://nordtech.co.uk,https://www.linkedin.com/in/antoine-garcia-5527,United Kingdom,"Bristol, United Kingdom",MSP,opened,Inbound — Trial signup,Elena V.,Reseller re-engagement,2,4,0,2026-03-28T09:00:00.000Z,2026-06-20T09:00:00.000Z,Signal source (Sillage): Published article on secure remote work for hybrid teams
1104,Ewa,García,ewa.garcia@corvuscloudsarl.es,+33 412 735 833,Network Engineer,Corvus Cloud SARL,https://corvuscloudsarl.es,,Spain,"Valencia, Spain",Hosting provider,not_interested,Inbound — Trial signup,Sophie M.,MSP Outbound — EMEA,3,3,1,2026-04-10T09:00:00.000Z,2026-06-03T09:00:00.000Z,Signal source (Sillage): Champion changed roles — new Head of IT onboarding | Tél: +33 412 735 833 | Went with in-house VPN.
1105,Ewa,Fontaine,ewa.fontaine@aventisitab.nl,+33 171 837 307,Network Engineer,Aventis IT AB,https://aventisitab.nl,,Netherlands,"Rotterdam, Netherlands",MSP,contacted,Inbound — Trial signup,Karim B.,Reseller re-engagement,1,0,0,2026-04-01T09:00:00.000Z,2026-06-16T09:00:00.000Z,Signal source (Sillage): Hiring 3 sysadmins (LinkedIn job posts) — infra team scaling | Tél: +33 171 837 307
1106,Olivier,Jansen,olivier.jansen@fjordsoftwaresas.com,,IT Director,Fjord Software SAS,https://fjordsoftwaresas.com,https://www.linkedin.com/in/olivier-jansen-6793,United States,"Denver, United States",MSP,meeting_booked,LinkedIn Sales Navigator,Unassigned,MSP Outbound — EMEA,5,1,2,2026-04-19T09:00:00.000Z,2026-07-09T09:00:00.000Z,Signal source (Sillage): Opened a new branch office — remote access need | Meeting booked for 2026-07-19.
1107,James,Bernard,james.bernard@bluecedargmbh.com,+1 412 405 346,VP Engineering,BlueCedar GmbH,https://bluecedargmbh.com,https://www.linkedin.com/in/james-bernard-4284,United States,"Boston, United States",End customer,not_interested,Webinar — Secure Remote Access 2026,Daniel F.,,4,2,2,2026-06-07T09:00:00.000Z,2026-07-02T09:00:00.000Z,Signal source (Sillage): Opened a new branch office — remote access need | Tél: +1 412 405 346 | Not a decision maker — asked to stop.
1108,Manon,Garcia,manon.garcia@quanticlabsltd.nl,,IT Support Lead,Quantic Labs Ltd,https://quanticlabsltd.nl,https://www.linkedin.com/in/manon-garcia-6479,Netherlands,"Amsterdam, Netherlands",End customer,unsubscribed,IC(E)looP,Daniel F.,,2,1,0,2026-05-27T09:00:00.000Z,2026-06-26T09:00:00.000Z,Signal source (Sillage): Posted about Citrix licensing costs on LinkedIn | Unsubscribed via email link — do not contact.
1109,James,Smith,james.smith@quanticlabsltd.it,+33 679 718 502,Sysadmin,Quantic Labs Ltd,https://quanticlabsltd.it,,Italy,"Milan, Italy",MSP,contacted,Inbound — Trial signup,Daniel F.,Trial no-activation nurture,2,0,0,2026-05-11T09:00:00.000Z,2026-06-19T09:00:00.000Z,Signal source (Sillage): Opened a new branch office — remote access need | Tél: +33 679 718 502
1110,Ashley,Jones,ashley.jones@cobaltconsulting.fr,,Sysadmin,Cobalt Consulting,https://cobaltconsulting.fr,,France,"Nantes, France",End customer,replied,Partner referral,Unassigned,,4,8,2,2026-06-19T09:00:00.000Z,2026-07-08T09:00:00.000Z,Signal source (Sillage): Published article on secure remote work for hybrid teams
1111,Emma,Nowak,emma.nowak@nexler.es,+33 826 459 536,Managing Director,Nexler,https://nexler.es,https://www.linkedin.com/in/emma-nowak-6489,Spain,"Barcelona, Spain",End customer,enriched,LinkedIn Sales Navigator,Unassigned,,0,0,0,2026-05-03T09:00:00.000Z,2026-05-03T09:00:00.000Z,Signal source (Sillage): Funding round announced — likely IT tooling budget | Tél: +33 826 459 536
1112,Nicolas,Martin,nicolas.martin@quanticlabsinc.it,,Head of IT,Quantic Labs Inc,https://quanticlabsinc.it,https://www.linkedin.com/in/nicolas-martin-4337,Italy,"Rome, Italy",Hosting provider,not_interested,IC(E)looP,Karim B.,Trial no-activation nurture,4,1,1,2026-05-07T09:00:00.000Z,2026-05-30T09:00:00.000Z,Signal source (Sillage): GitHub activity around RDP automation scripts | Not a decision maker — asked to stop.
1113,Julien,Lefebvre,julien.lefebvre@lumenreseauxsarl.it,+33 235 451 634,IT Consultant,Lumen Réseaux SARL,https://lumenreseauxsarl.it,,Italy,"Rome, Italy",MSP,contacted,IC(E)looP,Karim B.,MSP Outbound — EMEA,2,0,0,2026-04-16T09:00:00.000Z,2026-06-10T09:00:00.000Z,Signal source (Sillage): Funding round announced — likely IT tooling budget | Tél: +33 235 451 634
1114,Camille,Williams,camille.williams@cloudhavenltd.co.uk,,Network Engineer,CloudHaven Ltd,https://cloudhavenltd.co.uk,,United Kingdom,"Leeds, United Kingdom",Hosting provider,new,Trade show — IT Partners,Sophie M.,,0,0,0,2026-03-22T09:00:00.000Z,2026-03-22T09:00:00.000Z,Signal source (Sillage): Funding round announced — likely IT tooling budget
1115,Christopher,Simon,christopher.simon@nordtechsas.com,,IT Manager,Nordtech SAS,https://nordtechsas.com,https://www.linkedin.com/in/christopher-simon-4675,United States,"Austin, United States",VAR / Reseller,enriched,IC(E)looP,Karim B.,,0,0,0,2026-04-23T09:00:00.000Z,2026-04-23T09:00:00.000Z,Signal source (Sillage): Champion changed roles — new Head of IT onboarding
1116,Jessica,Nowak,jessica.nowak@terrasoftltd.fr,,Technical Director,Terrasoft Ltd,https://terrasoftltd.fr,https://www.linkedin.com/in/jessica-nowak-9156,France,"Nantes, France",Hosting provider,new,IC(E)looP,Unassigned,,0,0,0,2026-06-29T09:00:00.000Z,2026-06-29T09:00:00.000Z,Signal source (Sillage): Hiring 3 sysadmins (LinkedIn job posts) — infra team scaling
1117,Miguel,Dubois,miguel.dubois@willownetworks.nl,,Head of Managed Services,Willow Networks,https://willownetworks.nl,https://www.linkedin.com/in/miguel-dubois-8865,Netherlands,"Utrecht, Netherlands",MSP,contacted,Inbound — Trial signup,Karim B.,IT Director — Remote Access,1,0,0,2026-04-22T09:00:00.000Z,2026-06-11T09:00:00.000Z,Signal source (Sillage): Funding round announced — likely IT tooling budget
1118,Jessica,Brown,jessica.brown@quanticlabsinc.be,+33 792 236 584,Managing Director,Quantic Labs Inc,https://quanticlabsinc.be,https://www.linkedin.com/in/jessica-brown-1342,Belgium,"Antwerp, Belgium",MSP,contacted,Inbound — Trial signup,Elena V.,MSP Outbound — EMEA,1,0,0,2026-06-23T09:00:00.000Z,2026-07-03T09:00:00.000Z,Signal source (Sillage): Posted about Citrix licensing costs on LinkedIn | Tél: +33 792 236 584
1119,Emma,Lefebvre,emma.lefebvre@aventisit.com,+1 682 559 822,Technical Director,Aventis IT,https://aventisit.com,https://www.linkedin.com/in/emma-lefebvre-6038,United States,"Chicago, United States",MSP,contacted,Trade show — IT Partners,Unassigned,Trial no-activation nurture,2,0,0,2026-05-07T09:00:00.000Z,2026-07-08T09:00:00.000Z,Signal source (Sillage): Hiring 3 sysadmins (LinkedIn job posts) — infra team scaling | Tél: +1 682 559 822
1120,Marco,Ferrari,marco.ferrari@fjordsoftwarebv.com,,IT Manager,Fjord Software BV,https://fjordsoftwarebv.com,https://www.linkedin.com/in/marco-ferrari-6647,United States,"Atlanta, United States",Hosting provider,new,Cold list — MSP EMEA,Unassigned,,0,0,0,2026-06-21T09:00:00.000Z,2026-06-21T09:00:00.000Z,Signal source (Sillage): Champion changed roles — new Head of IT onboarding
1121,Pierre,Jones,pierre.jones@orbitsystems.com,+1 432 122 495,Infrastructure Engineer,Orbit Systems,https://orbitsystems.com,https://www.linkedin.com/in/pierre-jones-8247,United States,"Austin, United States",End customer,contacted,IC(E)looP,Karim B.,Trial no-activation nurture,2,0,0,2026-06-08T09:00:00.000Z,2026-06-30T09:00:00.000Z,Signal source (Sillage): Hiring 3 sysadmins (LinkedIn job posts) — infra team scaling | Tél: +1 432 122 495
1122,Antoine,García,antoine.garcia@ironwooditinc.co.uk,,IT Support Lead,Ironwood IT Inc,https://ironwooditinc.co.uk,https://www.linkedin.com/in/antoine-garcia-6987,United Kingdom,"Manchester, United Kingdom",End customer,new,Inbound — Trial signup,Unassigned,,0,0,0,2026-03-14T09:00:00.000Z,2026-03-14T09:00:00.000Z,Signal source (Sillage): Opened a new branch office — remote access need
1123,Marco,Williams,marco.williams@cloudhaven.be,,IT Consultant,CloudHaven,https://cloudhaven.be,https://www.linkedin.com/in/marco-williams-5417,Belgium,"Brussels, Belgium",End customer,new,Webinar — Secure Remote Access 2026,Daniel F.,,0,0,0,2026-06-12T09:00:00.000Z,2026-06-12T09:00:00.000Z,Signal source (Sillage): Competitor (Parallels RAS) contract renewal window in Q3
1124,Lars,Roux,lars.roux@northgatetechnolog.es,+33 174 376 416,System Administrator,Northgate Technologies,https://northgatetechnolog.es,https://www.linkedin.com/in/lars-roux-1256,Spain,"Valencia, Spain",MSP,qualified,LinkedIn Sales Navigator,Karim B.,Trial no-activation nurture,1,4,1,2026-05-07T09:00:00.000Z,2026-07-09T09:00:00.000Z,Signal source (Sillage): Champion changed roles — new Head of IT onboarding | Tél: +33 174 376 416 | BANT confirmed — evaluating 25-seat TSplus Remote Access + Advanced Security.
1125,Daniel,Martin,daniel.martin@silverlinesolution.co.uk,+44 639 257 161,IT Operations Manager,Silverline Solutions,https://silverlinesolution.co.uk,https://www.linkedin.com/in/daniel-martin-9244,United Kingdom,"Manchester, United Kingdom",MSP,enriched,IC(E)looP,Karim B.,,0,0,0,2026-03-18T09:00:00.000Z,2026-03-18T09:00:00.000Z,Signal source (Sillage): Hiring 3 sysadmins (LinkedIn job posts) — infra team scaling | Tél: +44 639 257 161
1126,Matthew,Jones,matthew.jones@nordtechgmbh.co.uk,+44 351 968 373,CTO,Nordtech GmbH,https://nordtechgmbh.co.uk,https://www.linkedin.com/in/matthew-jones-4115,United Kingdom,"Bristol, United Kingdom",MSP,meeting_booked,IC(E)looP,Unassigned,Trial no-activation nurture,3,4,1,2026-05-26T09:00:00.000Z,2026-07-09T09:00:00.000Z,Signal source (Sillage): Hiring 3 sysadmins (LinkedIn job posts) — infra team scaling | Tél: +44 351 968 373 | Meeting booked for 2026-07-10.
1127,Sofía,Moreau,sofia.moreau@helvetiasystems.de,+49 565 412 804,Head of IT,Helvetia Systems,https://helvetiasystems.de,https://www.linkedin.com/in/sofia-moreau-3320,Germany,"Hamburg, Germany",End customer,meeting_booked,IC(E)looP,Elena V.,Reseller re-engagement,2,8,1,2026-06-22T09:00:00.000Z,2026-06-28T09:00:00.000Z,Signal source (Sillage): Mentioned migrating away from legacy RDS gateway | Tél: +49 565 412 804 | Meeting booked for 2026-07-15.
1128,Marie,Leroy,marie.leroy@cloudhaven.co.uk,,CIO,CloudHaven,https://cloudhaven.co.uk,https://www.linkedin.com/in/marie-leroy-9796,United Kingdom,"Leeds, United Kingdom",Hosting provider,new,Trade show — IT Partners,Karim B.,,0,0,0,2026-05-14T09:00:00.000Z,2026-05-14T09:00:00.000Z,Signal source (Sillage): Funding round announced — likely IT tooling budget
1129,Lukas,Simon,lukas.simon@inertialabs.fr,+33 670 944 178,Cloud Architect,Inertia Labs,https://inertialabs.fr,https://www.linkedin.com/in/lukas-simon-3810,France,"Toulouse, France",Hosting provider,opened,Inbound — Trial signup,Unassigned,MSP Outbound — EMEA,2,4,0,2026-06-29T09:00:00.000Z,2026-06-30T09:00:00.000Z,Signal source (Sillage): Published article on secure remote work for hybrid teams | Tél: +33 670 944 178
1130,Lars,Kowalski,lars.kowalski@zephyrhosting.co.uk,,Head of IT,Zephyr Hosting,https://zephyrhosting.co.uk,,United Kingdom,"Bristol, United Kingdom",Hosting provider,enriched,Cold list — MSP EMEA,Daniel F.,,0,0,0,2026-04-02T09:00:00.000Z,2026-04-02T09:00:00.000Z,Signal source (Sillage): Hiring 3 sysadmins (LinkedIn job posts) — infra team scaling
1131,Marie,Roux,marie.roux@northgatetechnolog.be,+33 299 724 394,VP Engineering,Northgate Technologies SAS,https://northgatetechnolog.be,https://www.linkedin.com/in/marie-roux-5923,Belgium,"Antwerp, Belgium",MSP,enriched,Inbound — Trial signup,Karim B.,,0,0,0,2026-06-12T09:00:00.000Z,2026-06-12T09:00:00.000Z,Signal source (Sillage): Champion changed roles — new Head of IT onboarding | Tél: +33 299 724 394
1132,Jessica,Jansen,jessica.jansen@alpinedigital.be,,Managing Director,Alpine Digital,https://alpinedigital.be,https://www.linkedin.com/in/jessica-jansen-9996,Belgium,"Brussels, Belgium",VAR / Reseller,opened,Cold list — MSP EMEA,Sophie M.,MSP Outbound — EMEA,2,3,0,2026-05-29T09:00:00.000Z,2026-05-29T09:00:00.000Z,Signal source (Sillage): Opened a new branch office — remote access need
1133,Lukas,Durand,lukas.durand@solsticeitltd.be,,Sysadmin,Solstice IT Ltd,https://solsticeitltd.be,,Belgium,"Brussels, Belgium",End customer,new,Cold list — MSP EMEA,Sophie M.,,0,0,0,2026-05-11T09:00:00.000Z,2026-05-11T09:00:00.000Z,"Signal source (Sillage): Attended ""Zero Trust for SMBs"" webinar"
1134,Miguel,Dubois,miguel.dubois@vertexaltd.it,+33 270 753 415,Network Engineer,Vertexa Ltd,https://vertexaltd.it,https://www.linkedin.com/in/miguel-dubois-8395,Italy,"Turin, Italy",End customer,opened,IC(E)looP,Karim B.,Reseller re-engagement,2,4,0,2026-04-09T09:00:00.000Z,2026-06-19T09:00:00.000Z,Signal source (Sillage): GitHub activity around RDP automation scripts | Tél: +33 270 753 415
1135,Marie,Roux,marie.roux@horizonreseauxsarl.be,+33 718 282 951,Sysadmin,Horizon Réseaux SARL,https://horizonreseauxsarl.be,https://www.linkedin.com/in/marie-roux-9433,Belgium,"Brussels, Belgium",End customer,contacted,IC(E)looP,Karim B.,IT Director — Remote Access,1,0,0,2026-06-15T09:00:00.000Z,2026-06-28T09:00:00.000Z,"Signal source (Sillage): Attended ""Zero Trust for SMBs"" webinar | Tél: +33 718 282 951"
1136,Ewa,Thomas,ewa.thomas@kappahosting.be,,DevOps Lead,Kappa Hosting,https://kappahosting.be,https://www.linkedin.com/in/ewa-thomas-8987,Belgium,"Antwerp, Belgium",VAR / Reseller,new,Cold list — MSP EMEA,Sophie M.,,0,0,0,2026-03-27T09:00:00.000Z,2026-03-27T09:00:00.000Z,"Signal source (Sillage): Attended ""Zero Trust for SMBs"" webinar"
1137,Élise,Smith,elise.smith@helvetiasystemsinc.nl,+33 562 657 302,System Administrator,Helvetia Systems Inc,https://helvetiasystemsinc.nl,https://www.linkedin.com/in/elise-smith-1263,Netherlands,"Utrecht, Netherlands",MSP,contacted,IC(E)looP,Sophie M.,Trial no-activation nurture,2,0,0,2026-06-26T09:00:00.000Z,2026-07-05T09:00:00.000Z,"Signal source (Sillage): Attended ""Zero Trust for SMBs"" webinar | Tél: +33 562 657 302"
1138,Michael,Jansen,michael.jansen@alpinedigitalbv.co.uk,,Network Engineer,Alpine Digital BV,https://alpinedigitalbv.co.uk,https://www.linkedin.com/in/michael-jansen-7554,United Kingdom,"London, United Kingdom",Hosting provider,meeting_booked,Partner referral,Elena V.,MSP Outbound — EMEA,3,2,2,2026-05-03T09:00:00.000Z,2026-06-30T09:00:00.000Z,Signal source (Sillage): Competitor (Parallels RAS) contract renewal window in Q3 | Meeting booked for 2026-07-16.
1139,Manon,Ferrari,manon.ferrari@redwooddatagmbh.co.uk,+44 972 957 816,DevOps Lead,Redwood Data GmbH,https://redwooddatagmbh.co.uk,https://www.linkedin.com/in/manon-ferrari-9338,United Kingdom,"London, United Kingdom",MSP,contacted,IC(E)looP,Karim B.,Trial no-activation nurture,2,0,0,2026-06-14T09:00:00.000Z,2026-06-24T09:00:00.000Z,Signal source (Sillage): GitHub activity around RDP automation scripts | Tél: +44 972 957 816
1140,Marie,Robert,marie.robert@stratumconsultingg.co.uk,+44 464 214 437,VP Engineering,Stratum Consulting GmbH,https://stratumconsultingg.co.uk,https://www.linkedin.com/in/marie-robert-5163,United Kingdom,"Manchester, United Kingdom",MSP,opened,Trade show — IT Partners,Daniel F.,,3,3,0,2026-05-19T09:00:00.000Z,2026-06-10T09:00:00.000Z,Signal source (Sillage): Hiring 3 sysadmins (LinkedIn job posts) — infra team scaling | Tél: +44 464 214 437
1141,Sarah,Miller,sarah.miller@lumenreseauxsarl.de,,IT Support Lead,Lumen Réseaux SARL,https://lumenreseauxsarl.de,https://www.linkedin.com/in/sarah-miller-1148,Germany,"Munich, Germany",MSP,new,IC(E)looP,Elena V.,,0,0,0,2026-04-06T09:00:00.000Z,2026-04-06T09:00:00.000Z,Signal source (Sillage): Hiring 3 sysadmins (LinkedIn job posts) — infra team scaling
1142,Matthew,Rossi,matthew.rossi@aventisitgmbh.it,,IT Operations Manager,Aventis IT GmbH,https://aventisitgmbh.it,https://www.linkedin.com/in/matthew-rossi-6336,Italy,"Rome, Italy",Hosting provider,contacted,IC(E)looP,Sophie M.,Trial no-activation nurture,1,0,0,2026-06-26T09:00:00.000Z,2026-07-06T09:00:00.000Z,Signal source (Sillage): Published article on secure remote work for hybrid teams
1143,Pierre,Moreau,pierre.moreau@horizonreseauxab.com,,IT Consultant,Horizon Réseaux AB,https://horizonreseauxab.com,https://www.linkedin.com/in/pierre-moreau-5293,United States,"Chicago, United States",MSP,enriched,Partner referral,Karim B.,,0,0,0,2026-04-02T09:00:00.000Z,2026-04-02T09:00:00.000Z,Signal source (Sillage): Champion changed roles — new Head of IT onboarding
1144,Marie,Petit,marie.petit@bluecedarab.nl,,Head of Managed Services,BlueCedar AB,https://bluecedarab.nl,https://www.linkedin.com/in/marie-petit-5456,Netherlands,"Rotterdam, Netherlands",MSP,qualified,Partner referral,Karim B.,Trial no-activation nurture,2,7,4,2026-03-31T09:00:00.000Z,2026-06-11T09:00:00.000Z,Signal source (Sillage): Champion changed roles — new Head of IT onboarding | BANT confirmed — evaluating 25-seat TSplus Remote Access + Advanced Security.
1145,Nicolas,Andersen,nicolas.andersen@pixelforgesas.nl,,IT Consultant,Pixel Forge SAS,https://pixelforgesas.nl,https://www.linkedin.com/in/nicolas-andersen-4429,Netherlands,"Utrecht, Netherlands",MSP,opened,Inbound — Trial signup,Elena V.,Trial no-activation nurture,1,4,0,2026-05-19T09:00:00.000Z,2026-07-01T09:00:00.000Z,Signal source (Sillage): Funding round announced — likely IT tooling budget
1146,Nicolas,Roux,nicolas.roux@vertexaltd.be,,Infrastructure Engineer,Vertexa Ltd,https://vertexaltd.be,https://www.linkedin.com/in/nicolas-roux-6820,Belgium,"Antwerp, Belgium",Hosting provider,not_interested,Cold list — MSP EMEA,Elena V.,IT Director — Remote Access,4,1,2,2026-06-24T09:00:00.000Z,2026-06-28T09:00:00.000Z,Signal source (Sillage): Opened a new branch office — remote access need | Went with in-house VPN.
1147,Antoine,Rossi,antoine.rossi@alpinedigitalsas.be,,IT Consultant,Alpine Digital SAS,https://alpinedigitalsas.be,https://www.linkedin.com/in/antoine-rossi-8889,Belgium,"Brussels, Belgium",End customer,not_interested,Inbound — Trial signup,Unassigned,Reseller re-engagement,3,3,2,2026-05-25T09:00:00.000Z,2026-05-30T09:00:00.000Z,Signal source (Sillage): Published article on secure remote work for hybrid teams | No budget this fiscal year.
1148,Emma,Bernard,emma.bernard@lumenreseauxsarl.be,+33 386 941 870,VP Engineering,Lumen Réseaux SARL,https://lumenreseauxsarl.be,https://www.linkedin.com/in/emma-bernard-9041,Belgium,"Antwerp, Belgium",MSP,replied,IC(E)looP,Karim B.,Trial no-activation nurture,2,1,1,2026-04-06T09:00:00.000Z,2026-06-11T09:00:00.000Z,Signal source (Sillage): GitHub activity around RDP automation scripts | Tél: +33 386 941 870
1149,Marco,Nielsen,marco.nielsen@atlasmanagedservic.nl,+33 522 416 466,IT Consultant,Atlas Managed Services AB,https://atlasmanagedservic.nl,https://www.linkedin.com/in/marco-nielsen-8799,Netherlands,"Rotterdam, Netherlands",VAR / Reseller,enriched,Inbound — Trial signup,Elena V.,,0,0,0,2026-04-30T09:00:00.000Z,2026-04-30T09:00:00.000Z,Signal source (Sillage): Opened a new branch office — remote access need | Tél: +33 522 416 466
1150,Olivier,Rossi,olivier.rossi@voltaiccloudsas.de,,Technical Director,Voltaic Cloud SAS,https://voltaiccloudsas.de,https://www.linkedin.com/in/olivier-rossi-1552,Germany,"Hamburg, Germany",MSP,meeting_booked,IC(E)looP,Karim B.,IT Director — Remote Access,5,3,1,2026-05-10T09:00:00.000Z,2026-06-22T09:00:00.000Z,Signal source (Sillage): Champion changed roles — new Head of IT onboarding | Meeting booked for 2026-07-16.
1151,Sofía,Laurent,sofia.laurent@atlasmanagedservic.be,,Network Engineer,Atlas Managed Services SAS,https://atlasmanagedservic.be,https://www.linkedin.com/in/sofia-laurent-5364,Belgium,"Antwerp, Belgium",VAR / Reseller,new,IC(E)looP,Unassigned,,0,0,0,2026-05-16T09:00:00.000Z,2026-05-16T09:00:00.000Z,Signal source (Sillage): Champion changed roles — new Head of IT onboarding
1152,David,Brown,david.brown@pixelforgeinc.es,+33 954 711 523,IT Manager,Pixel Forge Inc,https://pixelforgeinc.es,https://www.linkedin.com/in/david-brown-4199,Spain,"Madrid, Spain",VAR / Reseller,opened,LinkedIn Sales Navigator,Daniel F.,,1,2,0,2026-07-06T09:00:00.000Z,2026-07-08T09:00:00.000Z,Signal source (Sillage): Competitor (Parallels RAS) contract renewal window in Q3 | Tél: +33 954 711 523
1153,Manon,Durand,manon.durand@willownetworks.es,,IT Operations Manager,Willow Networks,https://willownetworks.es,https://www.linkedin.com/in/manon-durand-2793,Spain,"Barcelona, Spain",VAR / Reseller,contacted,LinkedIn Sales Navigator,Karim B.,MSP Outbound — EMEA,2,0,0,2026-04-10T09:00:00.000Z,2026-06-26T09:00:00.000Z,Signal source (Sillage): Posted about Citrix licensing costs on LinkedIn
1154,Emily,Laurent,emily.laurent@brightpathitsarl-old.de,+49 531 889 271,Sysadmin,Brightpath IT SARL,https://brightpathitsarl.de,,Germany,"Hamburg, Germany",End customer,bounced,IC(E)looP,Elena V.,,1,0,0,2026-06-17T09:00:00.000Z,2026-06-20T09:00:00.000Z,Signal source (Sillage): Champion changed roles — new Head of IT onboarding | Tél: +49 531 889 271 | Hard bounce — email invalid. Needs re-enrichment.
1155,Marie,Rossi,marie.rossi@terrasoftsarl.nl,+33 989 107 456,System Administrator,Terrasoft SARL,https://terrasoftsarl.nl,https://www.linkedin.com/in/marie-rossi-3411,Netherlands,"Utrecht, Netherlands",VAR / Reseller,replied,LinkedIn Sales Navigator,Daniel F.,IT Director — Remote Access,3,8,4,2026-03-12T09:00:00.000Z,2026-07-03T09:00:00.000Z,"Signal source (Sillage): Attended ""Zero Trust for SMBs"" webinar | Tél: +33 989 107 456"
1156,Pierre,Robert,pierre.robert@terrasoftsas.nl,+33 126 502 106,IT Director,Terrasoft SAS,https://terrasoftsas.nl,https://www.linkedin.com/in/pierre-robert-9993,Netherlands,"Amsterdam, Netherlands",Hosting provider,customer,LinkedIn Sales Navigator,Elena V.,IT Director — Remote Access,3,1,4,2026-03-16T09:00:00.000Z,2026-07-07T09:00:00.000Z,Signal source (Sillage): GitHub activity around RDP automation scripts | Tél: +33 126 502 106 | Closed-won — 147 seats. Onboarding scheduled.
1157,Ashley,Garcia,ashley.garcia@alpinedigital.co.uk,,IT Director,Alpine Digital,https://alpinedigital.co.uk,https://www.linkedin.com/in/ashley-garcia-6116,United Kingdom,"Manchester, United Kingdom",End customer,new,LinkedIn Sales Navigator,Sophie M.,,0,0,0,2026-06-27T09:00:00.000Z,2026-06-27T09:00:00.000Z,Signal source (Sillage): Competitor (Parallels RAS) contract renewal window in Q3
1158,James,Simon,james.simon@praxisdigitalab.it,,Cloud Architect,Praxis Digital AB,https://praxisdigitalab.it,https://www.linkedin.com/in/james-simon-8916,Italy,"Rome, Italy",MSP,new,IC(E)looP,Sophie M.,,0,0,0,2026-04-22T09:00:00.000Z,2026-04-22T09:00:00.000Z,Signal source (Sillage): Hiring 3 sysadmins (LinkedIn job posts) — infra team scaling
1159,Emma,Moreau,emma.moreau@ironwoodit.fr,+33 438 448 931,CTO,Ironwood IT,https://ironwoodit.fr,https://www.linkedin.com/in/emma-moreau-6162,France,"Bordeaux, France",Hosting provider,contacted,LinkedIn Sales Navigator,Daniel F.,MSP Outbound — EMEA,1,0,0,2026-06-07T09:00:00.000Z,2026-06-10T09:00:00.000Z,Signal source (Sillage): Funding round announced — likely IT tooling budget | Tél: +33 438 448 931
1160,Marie,Fontaine,marie.fontaine@atlasmanagedservic.de,+49 236 986 483,VP Engineering,Atlas Managed Services Ltd,https://atlasmanagedservic.de,https://www.linkedin.com/in/marie-fontaine-6523,Germany,"Hamburg, Germany",Hosting provider,customer,Partner referral,Karim B.,IT Director — Remote Access,5,4,2,2026-06-17T09:00:00.000Z,2026-06-24T09:00:00.000Z,"Signal source (Sillage): Attended ""Zero Trust for SMBs"" webinar | Tél: +49 236 986 483 | Closed-won — 17 seats. Onboarding scheduled."
1161,Lars,Dubois,lars.dubois@granitesystemsgmbh.co.uk,+44 177 316 808,MSP Owner,Granite Systems GmbH,https://granitesystemsgmbh.co.uk,https://www.linkedin.com/in/lars-dubois-7845,United Kingdom,"London, United Kingdom",Hosting provider,opened,Partner referral,Daniel F.,,3,7,0,2026-03-13T09:00:00.000Z,2026-06-30T09:00:00.000Z,Signal source (Sillage): Posted about Citrix licensing costs on LinkedIn | Tél: +44 177 316 808
1162,Marie,Fontaine,marie.fontaine@cloudhavensarl.com,,IT Manager,CloudHaven SARL,https://cloudhavensarl.com,https://www.linkedin.com/in/marie-fontaine-4166,United States,"Denver, United States",Hosting provider,new,IC(E)looP,Sophie M.,,0,0,0,2026-05-24T09:00:00.000Z,2026-05-24T09:00:00.000Z,Signal source (Sillage): Funding round announced — likely IT tooling budget
1163,James,Fernández,james.fernandez@junomspab.es,+33 299 680 980,Sysadmin,Juno MSP AB,https://junomspab.es,https://www.linkedin.com/in/james-fernandez-5073,Spain,"Valencia, Spain",End customer,contacted,Trade show — IT Partners,Daniel F.,Reseller re-engagement,1,0,0,2026-04-17T09:00:00.000Z,2026-06-28T09:00:00.000Z,Signal source (Sillage): Funding round announced — likely IT tooling budget | Tél: +33 299 680 980
1164,Guillaume,Michel,guillaume.michel@terrasoftinc.de,+49 552 491 908,DevOps Lead,Terrasoft Inc,https://terrasoftinc.de,https://www.linkedin.com/in/guillaume-michel-7917,Germany,"Berlin, Germany",Hosting provider,customer,LinkedIn Sales Navigator,Elena V.,,4,3,2,2026-07-03T09:00:00.000Z,2026-07-03T09:00:00.000Z,Signal source (Sillage): Champion changed roles — new Head of IT onboarding | Tél: +49 552 491 908 | Closed-won — 94 seats. Onboarding scheduled.
1165,Christopher,Nowak,christopher.nowak@cloudhavensas.es,,Cloud Architect,CloudHaven SAS,https://cloudhavensas.es,https://www.linkedin.com/in/christopher-nowak-9346,Spain,"Barcelona, Spain",Hosting provider,new,IC(E)looP,Elena V.,,0,0,0,2026-04-28T09:00:00.000Z,2026-04-28T09:00:00.000Z,Signal source (Sillage): Competitor (Parallels RAS) contract renewal window in Q3
1166,Marco,Robert,marco.robert@alpinedigitalsarl.de,,IT Support Lead,Alpine Digital SARL,https://alpinedigitalsarl.de,https://www.linkedin.com/in/marco-robert-9174,Germany,"Cologne, Germany",Hosting provider,new,IC(E)looP,Daniel F.,,0,0,0,2026-06-29T09:00:00.000Z,2026-06-29T09:00:00.000Z,Signal source (Sillage): Opened a new branch office — remote access need
1167,Olivier,Wilson,olivier.wilson@terrasoft.es,,Head of IT,Terrasoft,https://terrasoft.es,https://www.linkedin.com/in/olivier-wilson-7028,Spain,"Valencia, Spain",VAR / Reseller,enriched,IC(E)looP,Karim B.,,0,0,0,2026-06-14T09:00:00.000Z,2026-06-14T09:00:00.000Z,Signal source (Sillage): Hiring 3 sysadmins (LinkedIn job posts) — infra team scaling
1168,Ashley,Roux,ashley.roux@horizonreseauxbv.be,+33 267 123 684,DevOps Lead,Horizon Réseaux BV,https://horizonreseauxbv.be,https://www.linkedin.com/in/ashley-roux-2344,Belgium,"Brussels, Belgium",MSP,enriched,IC(E)looP,Elena V.,,0,0,0,2026-04-10T09:00:00.000Z,2026-04-10T09:00:00.000Z,Signal source (Sillage): Mentioned migrating away from legacy RDS gateway | Tél: +33 267 123 684
1169,Daniel,Petit,daniel.petit@terrasoftsas.co.uk,,IT Director,Terrasoft SAS,https://terrasoftsas.co.uk,,United Kingdom,"London, United Kingdom",VAR / Reseller,new,IC(E)looP,Daniel F.,,0,0,0,2026-04-19T09:00:00.000Z,2026-04-19T09:00:00.000Z,Signal source (Sillage): Mentioned migrating away from legacy RDS gateway
1170,Manon,Martin,manon.martin@ironwoodit.com,+1 511 228 765,Technical Director,Ironwood IT,https://ironwoodit.com,https://www.linkedin.com/in/manon-martin-4253,United States,"Boston, United States",Hosting provider,meeting_booked,Partner referral,Karim B.,Trial no-activation nurture,1,7,1,2026-06-10T09:00:00.000Z,2026-06-30T09:00:00.000Z,Signal source (Sillage): Mentioned migrating away from legacy RDS gateway | Tél: +1 511 228 765 | Meeting booked for 2026-07-13.
1171,Alexandre,Robert,alexandre.robert@nordtechinc.es,+33 187 741 523,Network Engineer,Nordtech Inc,https://nordtechinc.es,https://www.linkedin.com/in/alexandre-robert-1722,Spain,"Valencia, Spain",End customer,bounced,Cold list — MSP EMEA,Unassigned,MSP Outbound — EMEA,2,0,0,2026-06-06T09:00:00.000Z,2026-06-12T09:00:00.000Z,Signal source (Sillage): GitHub activity around RDP automation scripts | Tél: +33 187 741 523 | Hard bounce — email invalid. Needs re-enrichment.
1172,Laura,Ferrari,laura.ferrari@voltaiccloud.es,+33 468 526 639,Head of IT,Voltaic Cloud,https://voltaiccloud.es,https://www.linkedin.com/in/laura-ferrari-4474,Spain,"Valencia, Spain",Hosting provider,contacted,Trade show — IT Partners,Unassigned,Reseller re-engagement,2,0,0,2026-06-10T09:00:00.000Z,2026-07-06T09:00:00.000Z,Signal source (Sillage): Mentioned migrating away from legacy RDS gateway | Tél: +33 468 526 639
1173,Ewa,Andersen,ewa.andersen@bluecedarsarl.es,+33 587 541 430,Head of Infrastructure,BlueCedar SARL,https://bluecedarsarl.es,https://www.linkedin.com/in/ewa-andersen-4130,Spain,"Valencia, Spain",VAR / Reseller,customer,Inbound — Trial signup,Sophie M.,,1,7,4,2026-07-05T09:00:00.000Z,2026-07-06T09:00:00.000Z,Signal source (Sillage): Published article on secure remote work for hybrid teams | Tél: +33 587 541 430 | Closed-won — 73 seats. Onboarding scheduled.
1174,Emily,Jones,emily.jones@nexlersarl.nl,,Head of Infrastructure,Nexler SARL,https://nexlersarl.nl,https://www.linkedin.com/in/emily-jones-1741,Netherlands,"Rotterdam, Netherlands",MSP,opened,Webinar — Secure Remote Access 2026,Elena V.,Trial no-activation nurture,3,2,0,2026-06-05T09:00:00.000Z,2026-06-14T09:00:00.000Z,Signal source (Sillage): Opened a new branch office — remote access need
1175,Miguel,Laurent,miguel.laurent@brightpathitsarl.fr,+33 865 531 588,Cloud Architect,Brightpath IT SARL,https://brightpathitsarl.fr,https://www.linkedin.com/in/miguel-laurent-5453,France,"Lille, France",MSP,replied,Inbound — Trial signup,Karim B.,Trial no-activation nurture,4,3,3,2026-03-14T09:00:00.000Z,2026-05-28T09:00:00.000Z,Signal source (Sillage): Champion changed roles — new Head of IT onboarding | Tél: +33 865 531 588
1176,Sophie,Anderson,sophie.anderson@umbrasystemsinc.de,,IT Manager,Umbra Systems Inc,https://umbrasystemsinc.de,https://www.linkedin.com/in/sophie-anderson-1634,Germany,"Berlin, Germany",MSP,qualified,Trade show — IT Partners,Elena V.,Trial no-activation nurture,1,7,1,2026-05-21T09:00:00.000Z,2026-06-21T09:00:00.000Z,Signal source (Sillage): Competitor (Parallels RAS) contract renewal window in Q3 | BANT confirmed — evaluating 25-seat TSplus Remote Access + Advanced Security.
1177,Sophie,Nielsen,sophie.nielsen@aventisitsas.nl,+33 690 938 170,CIO,Aventis IT SAS,https://aventisitsas.nl,,Netherlands,"Utrecht, Netherlands",End customer,opened,Inbound — Trial signup,Karim B.,,3,4,0,2026-06-04T09:00:00.000Z,2026-06-07T09:00:00.000Z,Signal source (Sillage): Champion changed roles — new Head of IT onboarding | Tél: +33 690 938 170
1178,Jessica,Andersen,jessica.andersen@voltaiccloud.it,,Head of Infrastructure,Voltaic Cloud,https://voltaiccloud.it,https://www.linkedin.com/in/jessica-andersen-3675,Italy,"Rome, Italy",MSP,qualified,Webinar — Secure Remote Access 2026,Unassigned,IT Director — Remote Access,3,1,2,2026-05-20T09:00:00.000Z,2026-06-03T09:00:00.000Z,"Signal source (Sillage): Attended ""Zero Trust for SMBs"" webinar | BANT confirmed — evaluating 25-seat TSplus Remote Access + Advanced Security."
1179,Chloé,Martin,chloe.martin@orbitsystemsab.es,,CIO,Orbit Systems AB,https://orbitsystemsab.es,https://www.linkedin.com/in/chloe-martin-3119,Spain,"Madrid, Spain",VAR / Reseller,contacted,Trade show — IT Partners,Unassigned,Reseller re-engagement,2,0,0,2026-06-01T09:00:00.000Z,2026-07-09T09:00:00.000Z,Signal source (Sillage): GitHub activity around RDP automation scripts
1180,Piotr,Bernard,piotr.bernard@atlasmanagedservic.fr,+33 893 890 267,CIO,Atlas Managed Services GmbH,https://atlasmanagedservic.fr,https://www.linkedin.com/in/piotr-bernard-1336,France,"Lille, France",MSP,replied,Webinar — Secure Remote Access 2026,Karim B.,MSP Outbound — EMEA,1,2,2,2026-06-08T09:00:00.000Z,2026-06-21T09:00:00.000Z,"Signal source (Sillage): Attended ""Zero Trust for SMBs"" webinar | Tél: +33 893 890 267"
1181,Sarah,Robert,sarah.robert@silverlinesolution.be,,Network Engineer,Silverline Solutions,https://silverlinesolution.be,https://www.linkedin.com/in/sarah-robert-4712,Belgium,"Brussels, Belgium",End customer,new,Trade show — IT Partners,Sophie M.,,0,0,0,2026-05-29T09:00:00.000Z,2026-05-29T09:00:00.000Z,Signal source (Sillage): Competitor (Parallels RAS) contract renewal window in Q3
1182,Lukas,Nielsen,lukas.nielsen@voltaiccloudltd.de,,Head of Managed Services,Voltaic Cloud Ltd,https://voltaiccloudltd.de,https://www.linkedin.com/in/lukas-nielsen-1049,Germany,"Frankfurt, Germany",Hosting provider,replied,Cold list — MSP EMEA,Daniel F.,Trial no-activation nurture,1,1,2,2026-05-03T09:00:00.000Z,2026-06-10T09:00:00.000Z,Signal source (Sillage): Opened a new branch office — remote access need
1183,Sarah,Robert,sarah.robert@corvuscloudsas.com,,MSP Owner,Corvus Cloud SAS,https://corvuscloudsas.com,https://www.linkedin.com/in/sarah-robert-7853,United States,"Atlanta, United States",Hosting provider,enriched,LinkedIn Sales Navigator,Elena V.,,0,0,0,2026-06-28T09:00:00.000Z,2026-06-28T09:00:00.000Z,Signal source (Sillage): Mentioned migrating away from legacy RDS gateway
1184,Lars,Müller,lars.muller@redwooddata.be,+33 666 309 815,IT Support Lead,Redwood Data,https://redwooddata.be,,Belgium,"Antwerp, Belgium",End customer,enriched,IC(E)looP,Daniel F.,,0,0,0,2026-03-28T09:00:00.000Z,2026-03-28T09:00:00.000Z,Signal source (Sillage): Funding round announced — likely IT tooling budget | Tél: +33 666 309 815
1185,Julien,Roux,julien.roux@terrasoftgmbh.com,,Head of IT,Terrasoft GmbH,https://terrasoftgmbh.com,,United States,"Atlanta, United States",Hosting provider,replied,Inbound — Trial signup,Karim B.,IT Director — Remote Access,4,3,3,2026-05-05T09:00:00.000Z,2026-06-27T09:00:00.000Z,Signal source (Sillage): Funding round announced — likely IT tooling budget
1186,Chloé,Jones,chloe.jones@orbitsystems.fr,,IT Manager,Orbit Systems,https://orbitsystems.fr,https://www.linkedin.com/in/chloe-jones-9514,France,"Bordeaux, France",Hosting provider,new,IC(E)looP,Karim B.,,0,0,0,2026-06-08T09:00:00.000Z,2026-06-08T09:00:00.000Z,Signal source (Sillage): Mentioned migrating away from legacy RDS gateway
1187,Sébastien,Nielsen,sebastien.nielsen@junomspsas.it,,CIO,Juno MSP SAS,https://junomspsas.it,https://www.linkedin.com/in/sebastien-nielsen-7122,Italy,"Turin, Italy",Hosting provider,enriched,Inbound — Trial signup,Elena V.,,0,0,0,2026-04-19T09:00:00.000Z,2026-04-19T09:00:00.000Z,Signal source (Sillage): Hiring 3 sysadmins (LinkedIn job posts) — infra team scaling
1188,Thomas,Fontaine,thomas.fontaine@umbrasystemsab.de,,IT Operations Manager,Umbra Systems AB,https://umbrasystemsab.de,,Germany,"Cologne, Germany",End customer,contacted,Partner referral,Unassigned,Trial no-activation nurture,2,0,0,2026-06-05T09:00:00.000Z,2026-07-04T09:00:00.000Z,Signal source (Sillage): Champion changed roles — new Head of IT onboarding
1189,Lukas,Kowalski,lukas.kowalski@aventisitgmbh.co.uk,+44 121 831 478,VP Engineering,Aventis IT GmbH,https://aventisitgmbh.co.uk,https://www.linkedin.com/in/lukas-kowalski-8151,United Kingdom,"Bristol, United Kingdom",End customer,qualified,Inbound — Trial signup,Karim B.,,1,5,1,2026-03-24T09:00:00.000Z,2026-06-30T09:00:00.000Z,Signal source (Sillage): GitHub activity around RDP automation scripts | Tél: +44 121 831 478 | BANT confirmed — evaluating 25-seat TSplus Remote Access + Advanced Security.
1190,Michael,Petit,michael.petit@corvuscloud.es,,Head of Managed Services,Corvus Cloud,https://corvuscloud.es,https://www.linkedin.com/in/michael-petit-1458,Spain,"Barcelona, Spain",Hosting provider,new,Cold list — MSP EMEA,Unassigned,,0,0,0,2026-03-31T09:00:00.000Z,2026-03-31T09:00:00.000Z,"Signal source (Sillage): Attended ""Zero Trust for SMBs"" webinar"
1191,Marie,Simon,marie.simon@zephyrhostinginc.com,,Cloud Architect,Zephyr Hosting Inc,https://zephyrhostinginc.com,https://www.linkedin.com/in/marie-simon-1241,United States,"Chicago, United States",VAR / Reseller,not_interested,LinkedIn Sales Navigator,Unassigned,Reseller re-engagement,3,2,1,2026-06-18T09:00:00.000Z,2026-06-19T09:00:00.000Z,"Signal source (Sillage): Champion changed roles — new Head of IT onboarding | Using Parallels RAS, happy for now."
1192,Lars,Nielsen,lars.nielsen@willownetworksinc.fr,,IT Operations Manager,Willow Networks Inc,https://willownetworksinc.fr,,France,"Bordeaux, France",VAR / Reseller,meeting_booked,Partner referral,Sophie M.,Trial no-activation nurture,1,6,4,2026-03-25T09:00:00.000Z,2026-06-01T09:00:00.000Z,Signal source (Sillage): Hiring 3 sysadmins (LinkedIn job posts) — infra team scaling | Meeting booked for 2026-07-14.
1193,Sarah,Müller,sarah.muller@meridiansoftwarein.nl,+33 249 362 567,Sysadmin,Meridian Software Inc,https://meridiansoftwarein.nl,https://www.linkedin.com/in/sarah-muller-5324,Netherlands,"Amsterdam, Netherlands",End customer,opened,Webinar — Secure Remote Access 2026,Sophie M.,,1,5,0,2026-07-01T09:00:00.000Z,2026-07-03T09:00:00.000Z,"Signal source (Sillage): Attended ""Zero Trust for SMBs"" webinar | Tél: +33 249 362 567"
1194,Sarah,Ferrari,sarah.ferrari@ironwooditsas.de,+49 381 787 396,Managing Director,Ironwood IT SAS,https://ironwooditsas.de,https://www.linkedin.com/in/sarah-ferrari-4335,Germany,"Hamburg, Germany",Hosting provider,contacted,Webinar — Secure Remote Access 2026,Karim B.,,2,0,0,2026-04-17T09:00:00.000Z,2026-06-25T09:00:00.000Z,Signal source (Sillage): Funding round announced — likely IT tooling budget | Tél: +49 381 787 396
1195,Élise,Williams,elise.williams@junomspinc.it,+33 991 960 849,Managing Director,Juno MSP Inc,https://junomspinc.it,https://www.linkedin.com/in/elise-williams-5689,Italy,"Turin, Italy",End customer,qualified,Partner referral,Karim B.,MSP Outbound — EMEA,3,1,1,2026-04-05T09:00:00.000Z,2026-05-27T09:00:00.000Z,Signal source (Sillage): Posted about Citrix licensing costs on LinkedIn | Tél: +33 991 960 849 | BANT confirmed — evaluating 25-seat TSplus Remote Access + Advanced Security.
1196,Lars,De Vries,lars.devries@willownetworks.fr,,IT Support Lead,Willow Networks,https://willownetworks.fr,https://www.linkedin.com/in/lars-devries-7454,France,"Toulouse, France",VAR / Reseller,enriched,Partner referral,Elena V.,,0,0,0,2026-05-19T09:00:00.000Z,2026-05-19T09:00:00.000Z,"Signal source (Sillage): Attended ""Zero Trust for SMBs"" webinar"
1197,Thomas,Brown,thomas.brown@nexlersarl.com,+1 820 192 688,IT Operations Manager,Nexler SARL,https://nexlersarl.com,https://www.linkedin.com/in/thomas-brown-7922,United States,"Boston, United States",VAR / Reseller,customer,Inbound — Trial signup,Daniel F.,Reseller re-engagement,3,4,4,2026-04-30T09:00:00.000Z,2026-06-20T09:00:00.000Z,Signal source (Sillage): Champion changed roles — new Head of IT onboarding | Tél: +1 820 192 688 | Closed-won — 92 seats. Onboarding scheduled.
1198,Pierre,Wilson,pierre.wilson@praxisdigitalltd.nl,+33 355 867 524,IT Manager,Praxis Digital Ltd,https://praxisdigitalltd.nl,https://www.linkedin.com/in/pierre-wilson-8018,Netherlands,"Rotterdam, Netherlands",End customer,not_interested,IC(E)looP,Daniel F.,IT Director — Remote Access,3,4,1,2026-06-14T09:00:00.000Z,2026-06-21T09:00:00.000Z,Signal source (Sillage): Hiring 3 sysadmins (LinkedIn job posts) — infra team scaling | Tél: +33 355 867 524 | Not a decision maker — asked to stop.
1199,Christopher,Michel,christopher.michel@solsticeitbv.it,+33 392 386 242,MSP Owner,Solstice IT BV,https://solsticeitbv.it,https://www.linkedin.com/in/christopher-michel-2614,Italy,"Turin, Italy",VAR / Reseller,meeting_booked,Trade show — IT Partners,Karim B.,Reseller re-engagement,5,7,2,2026-05-28T09:00:00.000Z,2026-06-12T09:00:00.000Z,Signal source (Sillage): Opened a new branch office — remote access need | Tél: +33 392 386 242 | Meeting booked for 2026-07-16.
